"","green","red","GoR","dGoR"
"1",240.674509803922,150.470588235294,0.625203675943427,0
"2",236.43137254902,150.654901960784,0.637203516337701,0.0119998403942742
"3",243.58431372549,146.541176470588,0.601603503235985,-0.0236001727074415
"4",242.627450980392,149.450980392157,0.615968967189268,-0.00923470875415922
"5",252.662745098039,144.392156862745,0.571481786152199,-0.0537218897912284
"6",235.298039215686,143.6,0.610289828502858,-0.0149138474405688
"7",245.988235294118,149.050980392157,0.60592727214756,-0.0192764037958669
"8",236.988235294118,148.247058823529,0.625546068308181,0.000342392364754085
"9",236.196078431373,144.4,0.611356466876972,-0.0138472090664553
"10",240.686274509804,142.266666666667,0.591087576374746,-0.0341160995686814
"11",240.737254901961,143.917647058824,0.597820420929172,-0.0273832550142552
"12",234.521568627451,144.364705882353,0.615571125194388,-0.00963255074903868
"13",237.658823529412,150.027450980392,0.631272379255152,0.00606870331172549
"14",238.094117647059,143.360784313726,0.602118127614718,-0.0230855483287087
"15",244.690196078431,152.254901960784,0.622235399705109,-0.00296827623831764
"16",237.749019607843,151.254901960784,0.636195691617458,0.0109920156740309
"17",251.298039215686,138.247058823529,0.55013186435917,-0.0750718115842566
"18",239.541176470588,139.58431372549,0.582715321775289,-0.0424883541681376
"19",243.980392156863,143.564705882353,0.588427228160411,-0.0367764477830155
"20",235.737254901961,143.945098039216,0.610616671934523,-0.0145870040089037
"21",233.274509803922,139.713725490196,0.59892409851223,-0.026279577431197
"22",237.764705882353,148.152941176471,0.623107372587828,-0.00209630335559907
"23",236.752941176471,151.996078431373,0.642002915258729,0.0167992393153023
"24",238.521568627451,147.909803921569,0.620110813343636,-0.00509286259979058
"25",240.521568627451,143.670588235294,0.597329333311594,-0.027874342631833
"26",226.925490196078,140.301960784314,0.618273251995991,-0.00693042394743626
"27",243.207843137255,141.745098039216,0.582814666709665,-0.042389009233762
"28",236.741176470588,143.227450980392,0.604995941625669,-0.0202077343177582
"29",240.933333333333,148.003921568627,0.614294085093916,-0.0109095908495112
"30",239.156862745098,146.243137254902,0.611494629827007,-0.0137090461164203
"31",240.21568627451,144.843137254902,0.602971186025631,-0.0222324899177964
"32",236.658823529412,149.235294117647,0.630592563133824,0.00538888719039687
"33",232.764705882353,142.552941176471,0.612433661865049,-0.0127700140783776
"34",226.482352941176,146.192156862745,0.645490277561339,0.0202866016179118
"35",241.235294117647,142.227450980392,0.589579777290092,-0.0356238986533352
"36",232.333333333333,137.929411764706,0.593670351928433,-0.0315333240149942
"37",241.678431372549,144.278431372549,0.596985136626209,-0.0282185393172181
"38",236.113725490196,140.062745098039,0.593200352106828,-0.0320033238365991
"39",234.592156862745,137.58431372549,0.586483007639458,-0.0387206683039693
"40",232.917647058824,144.949019607843,0.622318752735967,-0.00288492320746037
"41",232.364705882353,142.364705882353,0.612677839096755,-0.0125258368466723
"42",236.082352941176,141.458823529412,0.599192704440126,-0.0260109715033013
"43",223.960784313725,146.435294117647,0.653843459989494,0.0286397840460669
"44",241.058823529412,147.521568627451,0.611973320318855,-0.0132303556245722
"45",231.596078431373,141.447058823529,0.610748937467193,-0.0144547384762342
"46",232.207843137255,136.545098039216,0.588029655649942,-0.0371740202934853
"47",232.301960784314,143.96862745098,0.619747792764657,-0.00545588317876977
"48",219.811764705882,147.588235294118,0.671430100620852,0.0462264246774251
"49",232.396078431373,140.058823529412,0.602672921482931,-0.0225307544604956
"50",230.41568627451,131.654901960784,0.571379944175914,-0.053823731767513
"51",229.764705882353,143.474509803922,0.624441030892644,-0.000762645050783162
"52",231.772549019608,141.933333333333,0.612381983689215,-0.0128216922542117
"53",231.478431372549,131.756862745098,0.569197147068291,-0.0560065288751361
"54",230.917647058824,148.694117647059,0.643927042999796,0.0187233670563692
"55",226.278431372549,149.486274509804,0.660629798443701,0.0354261225002742
"56",225.592156862745,145.647058823529,0.645621110454403,0.0204174345109763
"57",217.509803921569,144.545098039216,0.664545208690165,0.039341532746738
"58",219.329411764706,148.192156862745,0.675660212054569,0.0504565361111422
"59",219.494117647059,147.627450980392,0.672580443443926,0.0473767675004994
"60",224.035294117647,143.909803921569,0.642353270668137,0.01714959472471
"61",226.874509803922,143.486274509804,0.632447755518296,0.0072440795748695
"62",225.309803921569,142.886274509804,0.634176906742785,0.00897323079935852
"63",220.364705882353,146.835294117647,0.66632854626021,0.0411248703167834
"64",230.082352941176,141.243137254902,0.613880792895979,-0.0113228830474477
"65",225.729411764706,146.513725490196,0.649067945310193,0.0238642693667657
"66",214.937254901961,142.396078431373,0.662500684194202,0.0372970082507748
"67",239.694117647059,146.572549019608,0.611498314845718,-0.0137053610977086
"68",227.937254901961,153.364705882353,0.67283738214851,0.0476337062050831
"69",227.890196078431,144.192156862745,0.632726459251101,0.00752278330767442
"70",229.266666666667,144.807843137255,0.631613157039495,0.00640948109606809
"71",231.498039215686,144.705882352941,0.625084699823824,-0.000118976119602543
"72",234.286274509804,136.858823529412,0.584152118239794,-0.0410515577036332
"73",221.749019607843,143.254901960784,0.646022707176458,0.0208190312330311
"74",231.513725490196,153.580392156863,0.66337488989769,0.0381712139542627
"75",228.133333333333,139.435294117647,0.611200880118266,-0.0140027958251611
"76",232.4,138.709803921569,0.59685802031656,-0.0283456556268665
"77",226.737254901961,154.960784313725,0.683437683766301,0.0582340078228741
"78",219.796078431373,142.086274509804,0.646445903511276,0.0212422275678491
"79",223.258823529412,143.623529411765,0.643305053485799,0.0181013775423716
"80",230.066666666667,136.458823529412,0.593127311776638,-0.0320763641667893
"81",229.96862745098,151.176470588235,0.657378670577402,0.032174994633975
"82",227.447058823529,147.643137254902,0.649131881584165,0.0239282056407384
"83",228.607843137255,147.839215686275,0.646693541470109,0.021489865526682
"84",231.63137254902,144.870588235294,0.625435953001727,0.000232277058299979
"85",219.549019607843,139.529411764706,0.63552737340359,0.0103236974601633
"86",222.023529411765,146.486274509804,0.659778154585276,0.0345744786418494
"87",224.890196078431,155.960784313725,0.6934974802518,0.0682938043083735
"88",225.898039215686,156.529411764706,0.69292063051177,0.067716954568343
"89",234.854901960784,152.117647058824,0.647709056906225,0.0225053809627981
"90",223.403921568627,156.317647058824,0.699708608341525,0.0745049323980981
"91",223.23137254902,159.752941176471,0.715638395053053,0.0904347191096263
"92",229.886274509804,169.18431372549,0.735947868511284,0.110744192567857
"93",220.078431372549,159.756862745098,0.725908766928011,0.100705090984584
"94",219.129411764706,175.341176470588,0.800171802856222,0.174968126912796
"95",236.4,168.094117647059,0.711058027271822,0.0858543513283955
"96",216.670588235294,170.074509803922,0.784945068867532,0.159741392924105
"97",219.180392156863,163.16862745098,0.744449016836342,0.119245340892915
"98",228.443137254902,180.352941176471,0.789487236708839,0.164283560765412
"99",230.192156862745,181.258823529412,0.787423976558374,0.162220300614947
"100",225.63137254902,187.376470588235,0.830453976640712,0.205250300697285
"101",211.588235294118,184.729411764706,0.873060884070058,0.247857208126631
"102",227.109803921569,187.101960784314,0.823839207086492,0.198635531143065
"103",220.992156862745,169.952941176471,0.769045126257697,0.14384145031427
"104",230.61568627451,197.129411764706,0.854796197731563,0.229592521788136
"105",220.113725490196,185.850980392157,0.844340715138342,0.219137039194915
"106",231.956862745098,188.709803921569,0.813555596882449,0.188351920939022
"107",219.686274509804,191.396078431373,0.871224562656194,0.246020886712767
"108",219.541176470588,189.305882352941,0.86227962059911,0.237075944655683
"109",221.756862745098,190.854901960784,0.860649359835892,0.235445683892465
"110",235.435294117647,201.125490196078,0.854270770870811,0.229067094927384
"111",220.58431372549,198.788235294118,0.901189354477413,0.275985678533986
"112",217.407843137255,204.874509803922,0.942351052508162,0.317147376564735
"113",216.572549019608,200.878431372549,0.927534132473835,0.302330456530408
"114",219.905882352941,205.937254901961,0.936479064127256,0.311275388183829
"115",222.733333333333,201.262745098039,0.903604063594908,0.278400387651481
"116",235.313725490196,210.486274509804,0.894492125656195,0.269288449712768
"117",221.513725490196,200.666666666667,0.90588818468293,0.280684508739503
"118",216.964705882353,208.772549019608,0.962241983877381,0.337038307933954
"119",227.835294117647,210.258823529412,0.922854487245688,0.297650811302261
"120",224.047058823529,224.058823529412,1.0000525099769,0.374848834033469
"121",219.274509803922,202.917647058824,0.925404632030761,0.300200956087334
"122",220.203921568627,214.717647058824,0.975085482262431,0.349881806319004
"123",221.070588235294,214.952941176471,0.972327177904316,0.347123501960889
"124",225.062745098039,210.003921568627,0.933090554268091,0.307886878324664
"125",223.145098039216,228.980392156863,1.02615022319075,0.400946547247322
"126",223.058823529412,216.772549019608,0.971817862165963,0.346614186222536
"127",218.545098039216,227.607843137255,1.041468535233,0.416264859289576
"128",221.380392156863,221.670588235294,1.00131084815418,0.376107172210757
"129",214.764705882353,216.988235294118,1.01035332785538,0.385149651911955
"130",228.043137254902,236.38431372549,1.03657718697873,0.411373511035301
"131",226.427450980392,221.435294117647,0.977952510434888,0.352748834491461
"132",219.003921568627,224.874509803922,1.02680585896931,0.401602183025882
"133",215.627450980392,221.070588235294,1.02524324815859,0.400039572215162
"134",222.027450980392,230.419607843137,1.03779783457265,0.412594158629228
"135",232.039215686275,241.180392156863,1.03939496366402,0.414191287720592
"136",231.117647058824,235.674509803922,1.01971663697294,0.394512961029509
"137",225.729411764706,226,1.00119872830562,0.375995052362197
"138",209.325490196078,228.901960784314,1.09352167559669,0.468317999653261
"139",220.333333333333,241.239215686275,1.09488297588324,0.469679299939816
"140",217.341176470588,241.509803921569,1.11120132799249,0.485997652049067
"141",225.713725490196,228.647058823529,1.0129958128464,0.387792136902969
"142",216.352941176471,237.254901960784,1.09661047670836,0.471406800764929
"143",219.494117647059,247.925490196078,1.12953136445659,0.504327688513167
"144",225.337254901961,232.258823529412,1.03071648596439,0.405512810020966
"145",213.717647058824,242.537254901961,1.13484898528386,0.509645309340437
"146",214.81568627451,233.63137254902,1.08758990835737,0.462386232413943
"147",225.525490196078,245.443137254902,1.08831661131301,0.463112935369585
"148",219.682352941176,239.996078431373,1.09246862671594,0.467264950772509
"149",219.529411764706,244.419607843137,1.11337977849232,0.488176102548892
"150",222.098039215686,238.423529411765,1.07350578264324,0.448302106699815
"151",229.941176470588,234.909803921569,1.02160825445553,0.396404578512103
"152",220.752941176471,240.776470588235,1.09070560648049,0.465501930537068
"153",215.043137254902,235.054901960784,1.09305930410679,0.467855628163364
"154",216.141176470588,248.945098039216,1.15177081065389,0.526567134710467
"155",218.466666666667,239.678431372549,1.09709382685024,0.471890150906813
"156",221.870588235294,231.929411764706,1.04533644413808,0.42013276819465
"157",212.921568627451,235.76862745098,1.10730269822267,0.482099022279246
"158",219.333333333333,221.588235294118,1.01028070802789,0.385077032084465
"159",212.917647058824,227.529411764706,1.06862636755443,0.443422691610999
"160",218.101960784314,236.176470588235,1.08287183544304,0.457668159499611
"161",216.36862745098,232.588235294118,1.07496284481821,0.449759168874784
"162",219.866666666667,225.035294117647,1.02350800841865,0.398304332475222
"163",209.666666666667,221.18431372549,1.05493313382587,0.42972945788244
"164",213.290196078431,233.113725490196,1.09294158745335,0.467737911509919
"165",214.078431372549,223.611764705882,1.04453196556146,0.419328289618031
"166",214.588235294118,226.427450980392,1.05517178362573,0.429968107682304
"167",218.576470588235,234.066666666667,1.07086854333746,0.445664867394033
"168",218.219607843137,237.776470588235,1.08962009847968,0.464416422536248
"169",209.047058823529,233.654901960784,1.11771437147091,0.492510695527487
"170",221.98431372549,232.819607843137,1.04881108009752,0.423607404154089
"171",208.23137254902,222.737254901961,1.06966232885742,0.44445865291399
"172",215.105882352941,232.38431372549,1.08032523882447,0.455121562881046
"173",213.945098039216,221.066666666667,1.03328689786641,0.408083221922986
"174",207.980392156863,225.670588235294,1.08505703780522,0.459853361861796
"175",223.760784313725,236.96862745098,1.05902662156715,0.433822945623723
"176",210.850980392157,227.839215686275,1.08056986627485,0.455366190331426
"177",222.266666666667,227.2,1.02219556088782,0.396991884944395
"178",206.372549019608,216.874509803922,1.05088836104513,0.425684685101704
"179",208.41568627451,220.054901960784,1.05584615963572,0.430642483692294
"180",210.854901960784,210.898039215686,1.00020458265139,0.375000906707964
"181",207.094117647059,226.474509803922,1.09358253328031,0.468378857336885
"182",220.278431372549,219.81568627451,0.997899271866265,0.372695595922839
"183",209.635294117647,218.274509803922,1.04121069270629,0.41600701676286
"184",213.866666666667,223.172549019608,1.04351254217398,0.41830886623055
"185",218.705882352941,232.172549019608,1.06157432311278,0.436370647169358
"186",220.254901960784,223.133333333333,1.01306863705154,0.387864961108118
"187",221.137254901961,221.380392156863,1.00109948572442,0.375895809780992
"188",219.352941176471,217.333333333333,0.990792884598194,0.365589208654767
"189",214.180392156863,228.101960784314,1.06499926761389,0.439795591670459
"190",207.690196078431,218.498039215686,1.05203829232832,0.42683461638489
"191",209.752941176471,224.239215686275,1.06906351075962,0.443859834816197
"192",213.713725490196,214.298039215686,1.0027340954548,0.377530419511369
"193",207.709803921569,219.23137254902,1.05546954650153,0.430265870558102
"194",203.341176470588,222.03137254902,1.09191545167014,0.466711775726711
"195",205.133333333333,203.717647058824,0.993098701944216,0.367895026000789
"196",210.772549019608,212.019607843137,1.00591660929912,0.380712933355697
"197",221.109803921569,216.98431372549,0.981341893833247,0.35613821788982
"198",209.639215686274,210.090196078431,1.0021512215197,0.376947545576271
"199",206.03137254902,225.066666666667,1.09239026989988,0.467186593956455
"200",205.047058823529,216.2,1.05439210511217,0.429188429168742
"201",205.211764705882,208.211764705882,1.01461904488907,0.38941536894564
"202",214.121568627451,214.349019607843,1.00106225160711,0.375858575663687
"203",208.674509803922,215.352941176471,1.03200405923476,0.406800383291332
"204",207.490196078431,206.333333333333,0.994424494424494,0.369220818481067
"205",206.913725490196,200.011764705882,0.966643291700624,0.341439615757197
"206",202.294117647059,212.709803921569,1.05148783561113,0.426284159667701
"207",209.603921568627,212.576470588235,1.01418174334412,0.388978067400696
"208",207.21568627451,209.490196078431,1.0109765329296,0.385772856986172
"209",209.807843137255,208.129411764706,0.992000149529915,0.366796473586488
"210",214.882352941176,227.454901960784,1.05850898804635,0.433305312102928
"211",211.003921568627,214.694117647059,1.01748875590083,0.392285079957402
"212",202.694117647059,213.925490196078,1.05541045137075,0.430206775427324
"213",204.698039215686,208.462745098039,1.01839150925323,0.393187833309801
"214",216.537254901961,200.043137254902,0.923827806653748,0.298624130710321
"215",216.180392156863,205.356862745098,0.949932881036172,0.324729205092745
"216",196.694117647059,195.254901960784,0.992682975457065,0.367479299513638
"217",206.886274509804,211.274509803922,1.02121085753279,0.396007181589366
"218",220.501960784314,204.341176470588,0.926709112897489,0.301505436954062
"219",210.725490196078,214.478431372549,1.01780962128966,0.392605945346235
"220",211.690196078431,207.380392156863,0.979640984790945,0.354437308847518
"221",208.094117647059,202.819607843137,0.97465324890698,0.349449572963553
"222",207.666666666667,193.705882352941,0.932773109243698,0.307569433300271
"223",206.411764705882,212.96862745098,1.03176593521421,0.406562259270784
"224",210.262745098039,212.278431372549,1.00958651174068,0.384382835797252
"225",206.388235294118,196.780392156863,0.953447718938228,0.328244042994801
"226",208.486274509804,202.341176470588,0.970525167406516,0.345321491463089
"227",206.549019607843,201.639215686274,0.976229352572622,0.351025676629195
"228",200.392156862745,211.682352941176,1.05634050880626,0.431136832862835
"229",214.321568627451,197.576470588235,0.921869282002488,0.296665606059061
"230",208.788235294118,201.690196078431,0.966003643808343,0.340799967864916
"231",207.850980392157,197.035294117647,0.94796422776499,0.322760551821563
"232",211.572549019608,209.564705882353,0.990509907137959,0.365306231194532
"233",207.81568627451,200.752941176471,0.966014379257638,0.340810703314211
"234",206.192156862745,202.98431372549,0.984442458015558,0.359238782072131
"235",221.219607843137,200.643137254902,0.906986226090656,0.281782550147229
"236",199.929411764706,189.250980392157,0.946588992193323,0.321385316249896
"237",209.537254901961,194.894117647059,0.930116783949693,0.304913108006266
"238",201.498039215686,199.066666666667,0.987933517574248,0.362729841630821
"239",200.560784313725,200.419607843137,0.9992960913517,0.374092415408273
"240",203.772549019608,194.41568627451,0.954081829028906,0.328878153085479
"241",195.345098039216,197.552941176471,1.01130227049164,0.386098594548212
"242",206.270588235294,206.274509803922,1.00001901176828,0.374815335824858
"243",205.513725490196,197.349019607843,0.960271724611686,0.335068048668259
"244",201.007843137255,210.603921568627,1.04773982090251,0.422536144959084
"245",201.890196078431,199.454901960784,0.98793753156443,0.362733855621003
"246",204.792156862745,187.635294117647,0.91622304775765,0.291019371814223
"247",207.223529411765,193.96862745098,0.936035729154839,0.310832053211412
"248",208.588235294118,183.682352941176,0.880597856739989,0.255394180796562
"249",206.949019607843,202.219607843137,0.977146971879027,0.3519432959356
"250",212.513725490196,207.411764705882,0.975992323448543,0.350788647505116
"251",200.988235294118,198.078431372549,0.98552251619449,0.360318840251063
"252",201.203921568627,199.988235294118,0.993957939462451,0.368754263519025
"253",208.376470588235,201.03137254902,0.964750828063836,0.339547152120409
"254",209.219607843137,199.988235294118,0.955877115705423,0.330673439761996
"255",205.988235294118,195.247058823529,0.947855388657262,0.322651712713835
"256",197.639215686274,203.003921568627,1.02714393428311,0.40194025833968
"257",210.854901960784,188.941176470588,0.89607201309329,0.270868337149863
"258",212.396078431373,194.317647058824,0.914883403186795,0.289679727243368
"259",201.960784313725,192.564705882353,0.95347572815534,0.328272052211913
"260",205.38431372549,191.003921568627,0.929983006510989,0.304779330567562
"261",213.023529411765,190.250980392157,0.89309843338672,0.267894757443293
"262",207.674509803922,189.443137254902,0.912211794474762,0.287008118531335
"263",201.003921568627,200.023529411765,0.995122522241299,0.369918846297872
"264",198.721568627451,201.105882352941,1.01199826340924,0.386794587465816
"265",206.745098039216,195.239215686275,0.944347496206373,0.319143820262946
"266",205.827450980392,196.392156862745,0.954159204359258,0.328955528415831
"267",201.01568627451,188.2,0.936245342281355,0.311041666337928
"268",205.627450980392,196.054901960784,0.95344712501192,0.328243449068493
"269",200.141176470588,188.180392156863,0.94023826318677,0.315034587243343
"270",204.160784313725,191.792156862745,0.939417222104839,0.314213546161412
"271",203.321568627451,181.788235294118,0.89409223291608,0.268888556972653
"272",203.898039215686,188.466666666667,0.924318190560449,0.299114514617022
"273",203.196078431373,191.949019607843,0.944649232847631,0.319445556904204
"274",197.38431372549,191.239215686275,0.968867343492341,0.343663667548914
"275",202.325490196078,193.870588235294,0.958211385265443,0.333007709322016
"276",202.486274509804,178.517647058824,0.881628384397877,0.25642470845445
"277",207.301960784314,182.450980392157,0.880121826642957,0.25491815069953
"278",209.180392156863,185.145098039216,0.885097767195966,0.259894091252539
"279",205.682352941176,188.262745098039,0.915308204160232,0.290104528216805
"280",204.882352941176,191.207843137255,0.933256770982869,0.308053095039442
"281",203.827450980392,190.258823529412,0.933430814221949,0.308227138278522
"282",208.666666666667,188.098039215686,0.901428302950573,0.276224627007146
"283",201.419607843137,191.858823529412,0.952533001051361,0.327329325107934
"284",198.176470588235,180.525490196078,0.910933016721084,0.285729340777657
"285",193.490196078431,183.933333333333,0.95060802594244,0.325404349999013
"286",201.082352941176,186.529411764706,0.927626959981278,0.302423284037851
"287",203.796078431373,181.643137254902,0.89129849137931,0.266094815435884
"288",205.407843137255,191.333333333333,0.931480173351916,0.306276497408489
"289",204.4,196.737254901961,0.962511031809984,0.337307355866557
"290",198.682352941176,182.678431372549,0.919449707879362,0.294246031935935
"291",201.752941176471,192.03137254902,0.951814488697106,0.326610812753679
"292",207.105882352941,179.945098039216,0.868855563129592,0.243651887186165
"293",207.796078431373,189.745098039216,0.913131275005662,0.287927599062235
"294",202.56862745098,183.301960784314,0.904888200561417,0.27968452461799
"295",205.094117647059,179.129411764706,0.873401021052028,0.248197345108601
"296",200.023529411765,182.262745098039,0.911206524722582,0.286002848779155
"297",207.125490196078,192.862745098039,0.931139595206089,0.305935919262662
"298",206.490196078431,180.149019607843,0.872433766973697,0.24723009103027
"299",199.992156862745,178.843137254902,0.894250754931566,0.269047078988139
"300",198.372549019608,183.905882352941,0.927073243056242,0.301869567112815
"301",192.403921568627,173.133333333333,0.89984305892424,0.274639382980813
"302",196.447058823529,183.356862745098,0.933365273286222,0.308161597342795
"303",198.286274509804,187.921568627451,0.947728576231632,0.322524900288205
"304",196.78431372549,181.137254901961,0.920486249501793,0.295282573558367
"305",195.274509803922,183.309803921569,0.938728788030927,0.3135251120875
"306",199.101960784314,188.56862745098,0.947095783025743,0.321892107082316
"307",202.992156862745,177.972549019608,0.876745938218419,0.251542262274992
"308",197.690196078431,182.698039215686,0.924163377040725,0.298959701097298
"309",206.866666666667,181.870588235294,0.879168167428106,0.253964491484679
"310",196.854901960784,179.8,0.91336308219451,0.288159406251083
"311",196.411764705882,172.741176470588,0.879484875711291,0.254281199767864
"312",194.235294117647,188.290196078431,0.969392287502524,0.344188611559097
"313",199.917647058824,181.647058823529,0.908609427411287,0.28340575146786
"314",193.356862745098,182.517647058824,0.943941913763031,0.318738237819604
"315",196.086274509804,170.627450980392,0.870165193392264,0.244961517448837
"316",197.423529411765,177.603921568627,0.899608684424845,0.274405008481418
"317",196.847058823529,178.733333333333,0.907980715594868,0.282777039651441
"318",207.945098039216,177.117647058824,0.851751970731339,0.226548294787912
"319",201.141176470588,175.670588235294,0.873369597005322,0.248165921061896
"320",199.654901960784,178.529411764706,0.89418997485858,0.268986298915153
"321",197.321568627451,168.364705882353,0.853250392511477,0.22804671656805
"322",195.082352941176,192.929411764706,0.988963936798939,0.363760260855512
"323",198.564705882353,162.333333333333,0.81753367302603,0.192329997082603
"324",200.572549019608,180.517647058824,0.900011731122669,0.274808055179242
"325",193.776470588235,174.996078431373,0.903082184850141,0.277878508906714
"326",205.733333333333,163.756862745098,0.795966604399375,0.170762928455948
"327",202.145098039216,183.450980392157,0.907521291248763,0.282317615305336
"328",197.192156862745,174.666666666667,0.885768833028399,0.260565157084972
"329",200.937254901961,185.309803921569,0.922227209742579,0.297023533799152
"330",191.250980392157,180.764705882353,0.945170087555619,0.319966411612192
"331",191.905882352941,181.63137254902,0.946460683341507,0.32125700739808
"332",195.356862745098,189.16862745098,0.968323430223221,0.343119754279794
"333",200.564705882353,169.964705882353,0.847430783669639,0.222227107726212
"334",197.423529411765,182.678431372549,0.925312357229406,0.300108681285979
"335",187.498039215686,169.670588235294,0.904919267129591,0.279715591186164
"336",201.627450980392,173.588235294118,0.860935524652339,0.235731848708912
"337",198.776470588235,171.945098039216,0.865017361111111,0.239813685167684
"338",196.447058823529,182.788235294118,0.930470715055695,0.305267039112268
"339",202.662745098039,175.721568627451,0.8670639911763,0.241860315232873
"340",197.976470588235,177.278431372549,0.895452024403772,0.270248348460345
"341",200.925490196078,171.686274509804,0.854477320633929,0.229273644690502
"342",198.725490196078,170.709803921569,0.859023186975826,0.233819511032399
"343",195.905882352941,172.247058823529,0.879233725678597,0.25403004973517
"344",193.913725490196,162.01568627451,0.83550396375991,0.210300287816483
"345",194.094117647059,167.560784313725,0.863296561199337,0.23809288525591
"346",200.996078431373,177.541176470588,0.883306668747805,0.258102992804378
"347",204.325490196078,175.101960784314,0.85697560601117,0.231771930067743
"348",196.003921568627,173.156862745098,0.883435705568116,0.258232029624689
"349",190.309803921569,166.117647058824,0.872880133528406,0.247676457584979
"350",199.039215686275,180.96862745098,0.90921091518077,0.284007239237343
"351",192.960784313725,182.98431372549,0.948297937201504,0.323094261258077
"352",194.819607843137,167.976470588235,0.862215423015761,0.237011747072334
"353",192.376470588235,175.686274509804,0.91324200913242,0.288038333188993
"354",194.650980392157,175.541176470588,0.901825288097349,0.276621612153922
"355",203.356862745098,179.062745098039,0.880534557235421,0.255330881291994
"356",195.098039215686,174.254901960784,0.893165829145729,0.267962153202302
"357",194.070588235294,174.403921568627,0.898662301972195,0.273458626028768
"358",194.905882352941,175.901960784314,0.902496931651275,0.277293255707848
"359",196.811764705882,172.925490196078,0.878633909179668,0.253430233236241
"360",189.925490196078,170.070588235294,0.895459519729099,0.270255843785672
"361",196.541176470588,163.43137254902,0.831537571331657,0.20633389538823
"362",197.262745098039,160.482352941176,0.813546181066359,0.188342505122932
"363",203.380392156863,166.23137254902,0.817342177316725,0.192138501373298
"364",200.294117647059,166.466666666667,0.831111111111111,0.205907435167684
"365",198.576470588235,174.835294117647,0.880443154215297,0.25523947827187
"366",189.258823529412,166.066666666667,0.877457988852282,0.252254312908855
"367",196.274509803922,175.6,0.894665334665335,0.269461658721908
"368",195.478431372549,177.854901960784,0.90984412301643,0.284640447073003
"369",194.101960784314,170.952941176471,0.880737837401002,0.255534161457575
"370",197.462745098039,167.494117647059,0.848231485710881,0.223027809767454
"371",191.133333333333,173.309803921569,0.90674818933503,0.281544513391603
"372",194.129411764706,168.56862745098,0.868331212249763,0.243127536306336
"373",196.874509803922,164.854901960784,0.837360317112523,0.212156641169096
"374",186.435294117647,174.16862745098,0.934204160619255,0.309000484675828
"375",202.101960784314,161.650980392157,0.799848649487737,0.17464497354431
"376",193.054901960784,165.101960784314,0.855207296512218,0.230003620568791
"377",191.270588235294,169.717647058824,0.887317013162751,0.262113337219324
"378",194.83137254902,172.690196078431,0.886357231995491,0.261153556052064
"379",188.843137254902,167.317647058824,0.886013913404631,0.260810237461204
"380",184.760784313725,162.870588235294,0.881521416139576,0.25631774019615
"381",201.960784313725,167.866666666667,0.831184466019418,0.205980790075991
"382",195.643137254902,161.635294117647,0.826174106516466,0.20097043057304
"383",193.192156862745,165.6,0.857177655082819,0.231973979139392
"384",195.745098039216,167.066666666667,0.853490934588801,0.228287258645374
"385",197.207843137255,169.337254901961,0.858674037543748,0.233470361600321
"386",189.701960784314,166.305882352941,0.876669285153182,0.251465609209755
"387",193.21568627451,168.047058823529,0.869738177389892,0.244534501446465
"388",186.933333333333,166.560784313725,0.891017034488546,0.265813358545119
"389",196.886274509804,162.305882352941,0.824363621877863,0.199159945934436
"390",186.435294117647,159.247058823529,0.854167981321386,0.228964305377959
"391",183.894117647059,166.894117647059,0.907555498688504,0.282351822745077
"392",197.176470588235,167.901960784314,0.851531424025457,0.22632774808203
"393",197.247058823529,161.588235294118,0.819217463915066,0.194013787971639
"394",198.533333333333,172.705882352941,0.869908742543357,0.24470506659993
"395",195.956862745098,163.286274509804,0.833276631511537,0.20807295556811
"396",192.258823529412,163.788235294118,0.851915310243544,0.226711634300117
"397",197.211764705882,163.152941176471,0.82729821630973,0.202094540366303
"398",197.509803921569,163.576470588235,0.828194182467984,0.202990506524557
"399",190.21568627451,164.709803921569,0.865910730852489,0.240707054909063
"400",194.713725490196,164.223529411765,0.843410134536373,0.218206458592946
"401",196.603921568627,163.38431372549,0.831032832010213,0.205829156066786
"402",191.466666666667,164.478431372549,0.859044732098968,0.233841056155541
"403",180.443137254902,162.486274509804,0.900484645643623,0.275280969700196
"404",197.258823529412,159.286274509804,0.807498856881573,0.182295180938146
"405",191.745098039216,159.819607843137,0.833500357909807,0.20829668196638
"406",190.878431372549,171.498039215686,0.898467354234293,0.273263678290867
"407",189.356862745098,164.019607843137,0.866193099449116,0.240989423505689
"408",192.352941176471,164.745098039216,0.856472986748216,0.231269310804789
"409",196.403921568627,170.090196078431,0.866022402811333,0.240818726867906
"410",191.113725490196,172.564705882353,0.902942504206509,0.277738828263082
"411",184.686274509804,162.713725490196,0.881027709947978,0.255824034004551
"412",187.098039215686,159.619607843137,0.853133514986376,0.227929839042949
"413",186.439215686275,158.176470588235,0.848407723696942,0.223204047753515
"414",73.0549019607843,102.517647058824,1.40329593644318,0.778092260499753
"415",71.0901960784314,106.01568627451,1.49128420123566,0.866080525292231
"416",70.6588235294118,104.81568627451,1.48340548340548,0.858201807462057
"417",70.3372549019608,106.074509803922,1.50808429973238,0.882880623788955
"418",70.7450980392157,100.070588235294,1.41452328159645,0.789319605653025
"419",70.2196078431373,102.223529411765,1.4557690159723,0.830565340028873
"420",70.1803921568628,103.870588235294,1.4800514081359,0.854847732192469
"421",71.0470588235294,105.474509803922,1.48457250096594,0.859368825022517
"422",69.7333333333333,103.054901960784,1.47784276234394,0.852639086400516
"423",70.1490196078431,104.054901960784,1.48334078711986,0.85813711117643
"424",69.643137254902,105.698039215686,1.51770933048032,0.892505654536893
"425",71.2588235294118,102.403921568627,1.43707005668373,0.8118663807403
"426",70.5960784313725,104.619607843137,1.4819464503944,0.856742774450974
"427",69.8470588235294,103.047058823529,1.47532423783055,0.850120561887127
"428",70.2392156862745,104.172549019608,1.48311093741276,0.857907261469336
"429",70.8,102.474509803922,1.44738008197629,0.822176406032866
"430",71.4235294117647,103.078431372549,1.44319991215066,0.817996236207235
"431",69.921568627451,102.898039215686,1.47162086371284,0.846417187769416
"432",70.5529411764706,104.596078431373,1.48251903729643,0.857315361352999
"433",70.0823529411765,103.349019607843,1.47467964859269,0.849475972649265
"434",71.278431372549,105.16862745098,1.47546214788732,0.850258471943897
"435",69.9450980392157,102.117647058824,1.45996860282575,0.834764926882319
"436",70.4823529411765,105.250980392157,1.49329549880376,0.868091822860334
"437",69.4549019607843,102.937254901961,1.48207328778725,0.856869611843824
"438",70.3843137254902,105.576470588235,1.5,0.874796324056573
"439",70.3098039215686,105.737254901961,1.50387640136092,0.878672725417497
"440",70.2549019607843,103.129411764706,1.46793190064192,0.842728224698493
"441",69.643137254902,105.341176470588,1.51258516808379,0.887381492140362
"442",70.4039215686275,101.694117647059,1.44443825544477,0.819234579501345
"443",70.9725490196078,104.007843137255,1.46546579732567,0.840262121382245
"444",71.8666666666667,102.556862745098,1.4270435446906,0.801839868747177
"445",70.2196078431373,100.580392156863,1.43236903831118,0.807165362367754
"446",70.2588235294118,107.611764705882,1.53164768921634,0.906444013272916
"447",69.478431372549,103.878431372549,1.49511768358074,0.869914007637315
"448",70.356862745098,104.035294117647,1.4786801181651,0.85347644222167
"449",70.3607843137255,101.678431372549,1.44510088061532,0.819897204671889
"450",71.3529411764706,107.247058823529,1.50305028854081,0.877846612597381
"451",70.5686274509804,106.56862745098,1.51014170602945,0.884938030086026
"452",70.0156862745098,102.929411764706,1.47009073596953,0.844887060026104
"453",69.7686274509804,100.933333333333,1.44668652689562,0.821482850952195
"454",69.878431372549,102.180392156863,1.4622593860486,0.837055710105173
"455",69.9411764705882,107.835294117647,1.54179983179142,0.916596155847994
"456",71.1372549019608,100.83137254902,1.41742006615215,0.792216390208723
"457",69.9411764705882,104.176470588235,1.48948696383516,0.864283287891729
"458",70.1843137254902,102.403921568627,1.45907135274068,0.833867676797256
"459",70.0235294117647,104.329411764706,1.48991935483871,0.864715678895283
"460",70.6117647058824,106.058823529412,1.50199933355548,0.876795657612055
"461",70.0470588235294,103.360784313725,1.4755906393461,0.850386963402671
"462",71.8039215686274,104.082352941176,1.44953577280175,0.824332096858321
"463",69.8666666666667,104.376470588235,1.49393803322856,0.868734357285132
"464",70.2117647058824,104.913725490196,1.49424709562109,0.869043419677663
"465",69.5607843137255,105.996078431373,1.52379073176232,0.898587055818891
"466",70.5764705882353,103.301960784314,1.46368839250986,0.838484716566436
"467",71.5294117647059,102.764705882353,1.43667763157895,0.81147395563552
"468",70.9137254901961,103.164705882353,1.45479179339711,0.829588117453687
"469",69.9058823529412,103.478431372549,1.4802535622125,0.855049886269072
"470",70.4980392156863,104.082352941176,1.47638649385326,0.85118281790983
"471",69.721568627451,104.235294117647,1.49502221722257,0.869818541279139
"472",70.8,106.113725490196,1.49878143347735,0.873577757533919
"473",69.8117647058824,103.572549019608,1.48359734861252,0.858393672669089
"474",70.5764705882353,102.576470588235,1.45340890148358,0.828205225540154
"475",70.121568627451,100.564705882353,1.43414797830099,0.808944302357563
"476",70.4470588235294,102.858823529412,1.46008684034736,0.834883164403934
"477",70.1254901960784,103.627450980392,1.47774298176938,0.85253930582595
"478",70.121568627451,103.6,1.4774341479783,0.852230472034874
"479",70.3019607843137,101.156862745098,1.4388910581804,0.813687382236971
"480",70,106.98431372549,1.52834733893557,0.903143662992147
"481",70.5294117647059,103.976470588235,1.47422852376981,0.849024847826381
"482",70.2039215686275,104.305882352941,1.48575578147693,0.860552105533503
"483",70.7529411764706,102.882352941176,1.4541070834719,0.828903407528472
"484",70.8980392156863,101.745098039216,1.43509043641794,0.809886760474517
"485",70.6,103.23137254902,1.46220074432039,0.836997068376964
"486",69.6588235294118,106.490196078431,1.52873951472161,0.903535838778185
"487",69.7607843137255,103.537254901961,1.48417561414357,0.858971938200145
"488",70.9764705882353,106.835294117647,1.50522128294381,0.880017607000382
"489",70.2705882352941,104.690196078431,1.48981527987053,0.864611603927102
"490",71.3372549019608,107.788235294118,1.51096696168435,0.885763285740922
"491",69.5882352941177,104.933333333333,1.50791772330234,0.882714047358912
"492",70.6862745098039,103.447058823529,1.46346740638003,0.838263730436601
"493",70.3411764705882,103.949019607843,1.47778335284607,0.852579676902645
"494",71.4980392156863,102.454901960784,1.43297498903028,0.807771313086849
"495",69.9254901960784,105.839215686275,1.51359991026863,0.888396234325207
"496",70.7176470588235,102.560784313725,1.45028558753397,0.825081911590539
"497",69.8313725490196,103.752941176471,1.48576402538328,0.860560349439849
"498",71.1960784313726,105,1.47480033048747,0.849596654544042
"499",69.9607843137255,103.129411764706,1.47410313901345,0.848899463070026
"500",71.078431372549,103.011764705882,1.44926896551724,0.824065289573815
"501",70.0745098039216,100.41568627451,1.43298449829313,0.807780822349706
"502",70.4705882352941,106.917647058824,1.51719532554257,0.891991649599144
"503",70.1450980392157,102.862745098039,1.46642813216302,0.841224456219597
"504",71.6666666666667,105.623529411765,1.47381668946648,0.848613013523057
"505",69.478431372549,108.047058823529,1.55511655472145,0.929912878778027
"506",70.5686274509804,104.749019607843,1.48435676576827,0.859153089824842
"507",69.9254901960784,103.227450980392,1.47624922887107,0.85104555292764
"508",71.0392156862745,104.713725490196,1.47402704940657,0.848823373463142
"509",69.7921568627451,104.760784313725,1.5010395010395,0.875835825096074
"510",70.1019607843137,105.039215686275,1.49837771313493,0.873174037191502
"511",69.8,103.592156862745,1.48412832181583,0.858924645872406
"512",70.3372549019608,102.964705882353,1.46387154326494,0.838667867321515
"513",70.5098039215686,104.635294117647,1.48398220244716,0.858778526503736
"514",69.9960784313726,102.345098039216,1.46215474256261,0.836951066619182
"515",69.6117647058824,102.556862745098,1.47326911159935,0.84806543565592
"516",70.0823529411765,104.76862745098,1.49493592971854,0.869732253775112
"517",69.7921568627451,106.603921568627,1.52744844636737,0.902244770423938
"518",70.6823529411765,104.262745098039,1.47508877052818,0.849885094584758
"519",70.3490196078431,104.309803921569,1.48274708735158,0.857543411408153
"520",70.3960784313725,103.835294117647,1.47501531948081,0.849811643537382
"521",70.0901960784314,105.741176470588,1.50864432384043,0.883440647897002
"522",70.0156862745098,105.964705882353,1.51344236585639,0.888238689912964
"523",69.356862745098,105.760784313725,1.52487843492028,0.899674758976849
"524",71.2705882352941,102.490196078431,1.43804335864422,0.81283968270079
"525",70.2039215686275,102.611764705882,1.46162439950843,0.836420723565008
"526",69.8588235294118,103.541176470588,1.48214887167396,0.856945195730537
"527",69.7137254901961,106.211764705882,1.5235416549474,0.898337979003977
"528",70.2156862745098,103.6,1.47545378385926,0.85025010791583
"529",70.0509803921569,102.235294117647,1.45944130325253,0.834237627309106
"530",70.2627450980392,100.847058823529,1.43528492493163,0.810081248988202
"531",71.1254901960784,103.360784313725,1.45321718034956,0.828013504406135
"532",70.4980392156863,101.725490196078,1.4429548867998,0.817751210856373
"533",70.6588235294118,101.835294117647,1.44122544122544,0.816021765282014
"534",69.7647058823529,104.388235294118,1.49629005059022,0.871086374646792
"535",71.6313725490196,104.988235294118,1.46567392970546,0.840470253762037
"536",70.4235294117647,105.658823529412,1.50033411293017,0.875130436986743
"537",69.6627450980392,105.509803921569,1.51458004953839,0.889376373594966
"538",69.9137254901961,104.533333333333,1.49517612743998,0.869972451496555
"539",70.5176470588235,105.301960784314,1.4932710488266,0.868067372883177
"540",70.2117647058824,105.109803921569,1.49703976764969,0.87183609170626
"541",71.0627450980392,102.772549019608,1.44622261464599,0.821018938702564
"542",69.8274509803922,104.678431372549,1.49910142648545,0.873897750542027
"543",70.0156862745098,101.007843137255,1.4426459056794,0.817442229735973
"544",71.2156862745098,103.56862745098,1.45429515418502,0.829091478241595
"545",70.1294117647059,106.101960784314,1.51294525527037,0.887741579326942
"546",70.1960784313726,107.4,1.53,0.904796324056573
"547",70.1764705882353,104.164705882353,1.48432523051132,0.859121554567889
"548",71.3372549019608,102.541176470588,1.43741410587653,0.812210429933105
"549",71.3098039215686,106.317647058824,1.49092608886934,0.865722412925909
"550",69.8745098039216,103.466666666667,1.48074980356942,0.855546127625997
"551",70.4156862745098,103.952941176471,1.47627533971931,0.851071663775887
"552",70.4666666666667,103.41568627451,1.46758305971395,0.842379383770525
"553",70.3019607843137,108.627450980392,1.54515535226195,0.919951676318524
"554",70.0156862745098,105.792156862745,1.51097793211605,0.885774256172626
"555",70.2196078431373,105.125490196078,1.49709594549313,0.871892269549704
"556",69.5764705882353,107.152941176471,1.54007439972946,0.914870723786029
"557",70.5294117647059,103.788235294118,1.47155963302752,0.846355957084096
"558",69.9490196078431,105.211764705882,1.50412064809105,0.87891697214762
"559",70.1882352941176,104.670588235294,1.49128394233993,0.866080266396499
"560",69.7725490196078,105.113725490196,1.50651978417266,0.881316108229235
"561",70.6823529411765,105.341176470588,1.49034620505992,0.865142529116493
"562",71.1803921568628,102.654901960784,1.44217949424274,0.816975818299314
"563",70.8705882352941,104.164705882353,1.46978751660027,0.844583840656839
"564",71.4862745098039,107.423529411765,1.50271545339843,0.877511777455004
"565",70.5019607843137,104.38431372549,1.48058738458115,0.855383708637728
"566",70.3725490196078,105.286274509804,1.49612705488994,0.870923378946515
"567",70.8823529411765,101.6,1.43336099585062,0.808157319907195
"568",70.3803921568627,105.192156862745,1.49462305677829,0.869419380834865
"569",70.2549019607843,103.63137254902,1.4750767513257,0.849873075382278
"570",70.2235294117647,105.035294117647,1.49572792762607,0.870524251682641
"571",70.0745098039216,105.443137254902,1.50472886003694,0.879525184093508
"572",71.1450980392157,104.639215686275,1.47078602138684,0.84558234544341
"573",70.0392156862745,103.149019607843,1.47273236282195,0.847528686878521
"574",70.2901960784314,105.286274509804,1.49787993751395,0.872676261570521
"575",70.2666666666667,101.952941176471,1.4509431856234,0.825739509679968
"576",70.0039215686274,104.874509803922,1.49812335443393,0.872919678490498
"577",70.0705882352941,106,1.512760241773,0.887556565829575
"578",69.9843137254902,101.956862745098,1.45685307631962,0.831649400376197
"579",70.5450980392157,103.886274509804,1.47262215798544,0.847418482042009
"580",70.8980392156863,104.913725490196,1.47978317384811,0.854579497904684
"581",70.8156862745098,102.23137254902,1.44362609369808,0.818422417754657
"582",69.6588235294118,102.976470588235,1.47829758486742,0.853093908923994
"583",70.1803921568628,104.670588235294,1.49145060348681,0.866246927543386
"584",70.5019607843137,104.109803921569,1.47669373678941,0.851490060845982
"585",71.0627450980392,104.258823529412,1.46713757518901,0.84193389924558
"586",70.0862745098039,104.564705882353,1.49194270367055,0.866739027727119
"587",70.8980392156863,103.98431372549,1.46667404170585,0.84147036576242
"588",69.8549019607843,103.317647058824,1.4790321675181,0.853828491574678
"589",70.6862745098039,106.109803921569,1.50113730929265,0.875933633349222
"590",70.0352941176471,103.517647058824,1.47807827985889,0.852874603915468
"591",69.8352941176471,102.819607843137,1.4723158131177,0.847112137174273
"592",70.8274509803922,103.435294117647,1.4603842533636,0.835180577420174
"593",70.9607843137255,103.180392156863,1.45404807957999,0.828844403636568
"594",69.9490196078431,102.678431372549,1.4679037954813,0.842700119537876
"595",71.0156862745098,103.211764705882,1.45336572974764,0.828162053804212
"596",70.2862745098039,104.364705882353,1.48485186631702,0.859648190373596
"597",70.1686274509804,102.078431372549,1.45475884424076,0.829555168297337
"598",69.3960784313725,109.482352941176,1.57764466546112,0.952440989517694
"599",70.521568627451,104.105882352941,1.47622754824,0.851023872296578
"600",69.6745098039216,104.192156862745,1.4954128440367,0.87020916809327
"601",71.2862745098039,106.098039215686,1.48833755088569,0.863133874942259
"602",70.7411764705882,106.843137254902,1.51033871057154,0.885135034628113
"603",69.7098039215686,102.882352941176,1.47586633663366,0.850662660690236
"604",69.8392156862745,108.439215686275,1.55269807400752,0.927494398064097
"605",71.756862745098,104.066666666667,1.45026778882938,0.825064112885953
"606",70.3333333333333,102.41568627451,1.45614719821578,0.830943522272352
"607",70.7921568627451,103.964705882353,1.46859073786838,0.843387061924953
"608",69.9921568627451,104.023529411765,1.48621694307485,0.861013267131428
"609",70.478431372549,104.329411764706,1.48030269307812,0.855099017134694
"610",70.1019607843137,105.196078431373,1.5006153501902,0.875411674246772
"611",70.8235294117647,102.086274509804,1.44141749723145,0.816213821288024
"612",69.0156862745098,104.580392156863,1.51531337007785,0.890109694134418
"613",70.5882352941177,106.047058823529,1.50233333333333,0.877129657389906
"614",69.5411764705882,102.537254901961,1.47448260305645,0.849278927113021
"615",70.2196078431373,104.835294117647,1.49296325254105,0.867759576597621
"616",69.5607843137255,104.772549019608,1.50620137557786,0.880997699634428
"617",70.0745098039216,102.560784313725,1.4635961721417,0.838392496198271
"618",70.5921568627451,104.01568627451,1.47347369590578,0.848270019962356
"619",69.9372549019608,104.901960784314,1.49994392732982,0.874740251386392
"620",69.9647058823529,101.074509803922,1.44464996356706,0.819446287623638
"621",70.7764705882353,103.866666666667,1.46753102836879,0.842327352425367
"622",69.4901960784314,101.937254901961,1.46693002257336,0.841726346629937
"623",71.2980392156863,105.643137254902,1.48171167702547,0.856508001082039
"624",70.3647058823529,103.172549019608,1.46625424956808,0.84105057362465
"625",71.2274509803922,106.482352941176,1.49496228596597,0.869758610022548
"626",70.7960784313725,106.01568627451,1.49747964327259,0.872275967329159
"627",71.2666666666667,105.282352941176,1.47730149122324,0.852097815279816
"628",73.8588235294118,105.517647058824,1.42863969417012,0.803436018226691
"629",69.9098039215686,104.862745098039,1.49997195265608,0.874768276712657
"630",69.8941176470588,104.607843137255,1.49666161701173,0.8714579410683
"631",70.2470588235294,103.23137254902,1.46954725618266,0.844343580239234
"632",70.5921568627451,101.756862745098,1.4414754735848,0.816271797641374
"633",70.3490196078431,103.6,1.47265733875913,0.847453662815701
"634",70.2078431372549,104.654901960784,1.49064402614087,0.865440350197443
"635",69.8980392156863,103.862745098039,1.48591786355476,0.860714187611331
"636",69.2745098039216,103.145098039216,1.48893291819983,0.863729242256403
"637",69.7647058823529,102.63137254902,1.47110736368746,0.845903687744038
"638",70.521568627451,102.21568627451,1.44942445643107,0.824220780487647
"639",70.3607843137255,104.564705882353,1.48612194850072,0.860918272557298
"640",70.6235294117647,105.941176470588,1.50008329168749,0.874879615744063
"641",70.7058823529412,105.074509803922,1.48607875762618,0.860875081682752
"642",70.1490196078431,106.21568627451,1.51414355992844,0.888939883985017
"643",69.8196078431372,105.854901960784,1.51611997303977,0.89091629709634
"644",70.7607843137255,105.83137254902,1.49562181334516,0.870418137401729
"645",71.5333333333333,106.38431372549,1.48719916671235,0.861995490768924
"646",70.0941176470588,105.235294117647,1.50134273246056,0.87613905651713
"647",70.3019607843137,101.258823529412,1.44034138450382,0.815137708560394
"648",69.8156862745098,103.505882352941,1.48255911924956,0.857355443306138
"649",69.3764705882353,106.521568627451,1.53541348708383,0.910209811140401
"650",70.6352941176471,102.678431372549,1.45364201643349,0.828438340490062
"651",70.6470588235294,105.094117647059,1.48759367194005,0.862389995996623
"652",70.4705882352941,100.78431372549,1.43016138007791,0.804957704134481
"653",69.7803921568627,102.788235294118,1.47302461503878,0.84782093909535
"654",70.0745098039216,105.603921568627,1.50702333650456,0.881819660561134
"655",70.8941176470588,103.517647058824,1.46017258546299,0.834968909519567
"656",70.0549019607843,104.321568627451,1.48914017017465,0.863936494231226
"657",69.5254901960784,106.082352941176,1.52580517795702,0.900601502013592
"658",69.9843137254902,102.905882352941,1.47041353804774,0.845209862104315
"659",70.7019607843137,105.96862745098,1.49880747684286,0.873603800899437
"660",70.2745098039216,106.239215686275,1.51177455357143,0.886570877628001
"661",69.756862745098,103.4,1.48229143242635,0.857087756482928
"662",70.4705882352941,105.141176470588,1.49198664440735,0.866782968463919
"663",70.1294117647059,103.01568627451,1.46893697925404,0.843733303310613
"664",70.0901960784314,102.596078431373,1.46377217031276,0.838568494369335
"665",70.9490196078431,103.090196078431,1.45301790846783,0.827814232524404
"666",69.8078431372549,103.262745098039,1.47924273917196,0.85403906322853
"667",70.1490196078431,102.964705882353,1.46779964221825,0.84259596627482
"668",70.443137254902,106.949019607843,1.5182319211713,0.89302824522787
"669",69.5921568627451,103.23137254902,1.48337653555731,0.858172859613882
"670",70.3019607843137,105.403921568627,1.49930272772912,0.874099051785697
"671",70.6196078431373,106.098039215686,1.50238782763216,0.877184151688736
"672",70.7254901960784,104.074509803922,1.4715275852509,0.846323909307474
"673",70.1058823529412,103.752941176471,1.47994629971472,0.85474262377129
"674",70.3529411764706,102.662745098039,1.4592530657748,0.834049389831378
"675",70.3019607843137,104.101960784314,1.48078317621465,0.855579500271221
"676",70.2352941176471,104.227450980392,1.48397543271915,0.858771756775724
"677",70.1686274509804,103.796078431373,1.47923769071704,0.854034014773613
"678",70.5921568627451,104.858823529412,1.48541747680684,0.860213800863417
"679",70.0666666666667,104.419607843137,1.49028936027313,0.865085684329702
"680",70.7490196078431,105.278431372549,1.48805498586553,0.862851309922102
"681",70.7843137254902,104.023529411765,1.46958448753463,0.844380811591199
"682",70.4862745098039,106.454901960784,1.51029264493157,0.885088968988141
"683",70.4313725490196,101.537254901961,1.44164810690423,0.816444430960805
"684",70.6274509803922,102.41568627451,1.45008328706274,0.824879611119316
"685",71.1098039215686,103.282352941176,1.45243478740418,0.827231111460753
"686",69.9921568627451,103.752941176471,1.48235096369341,0.857147287749984
"687",69.5411764705882,102.788235294118,1.47809169345288,0.852888017509457
"688",70.321568627451,105.333333333333,1.49788088333705,0.872677207393624
"689",70.356862745098,104.086274509804,1.47940471545622,0.854201039512791
"690",70.8666666666667,103.490196078431,1.4603508383598,0.835147162416376
"691",70.4392156862745,101.592156862745,1.44226700812827,0.817063332184844
"692",70.3450980392157,104.309803921569,1.48282974690601,0.857626070962583
"693",70.2039215686275,107.647058823529,1.53334822924813,0.908144553304702
"694",70.9686274509804,102.176470588235,1.43974139360115,0.814537717657722
"695",69.8862745098039,102.858823529412,1.47180292912856,0.846599253185129
"696",70.2980392156863,105.133333333333,1.49553720852393,0.870333532580505
"697",70.2901960784314,104.094117647059,1.48091943762553,0.855715761682103
"698",70.0470588235294,102.827450980392,1.46797671033479,0.842773034391362
"699",70.0313725490196,103.2,1.47362526598723,0.848421590043806
"700",70.8823529411765,105.133333333333,1.48320885200553,0.858005176062106
"701",70.1803921568628,108.501960784314,1.54604380867233,0.920840132728902
"702",69.9960784313726,103.63137254902,1.48053112219172,0.855327446248292
"703",70.7294117647059,103.976470588235,1.47005988023952,0.844856204296094
"704",70.4470588235294,102.16862745098,1.45028946782454,0.825085791881111
"705",70.1647058823529,106.070588235294,1.51173708920188,0.886533413258451
"706",69.9725490196078,103.309803921569,1.47643333520148,0.851229659258053
"707",70.5333333333333,104.792156862745,1.48571110864005,0.860507432696626
"708",69.721568627451,103.619607843137,1.48619157432927,0.860987898385838
"709",70.1843137254902,104.419607843137,1.48779124993016,0.862587573986729
"710",71.1137254901961,103.439215686275,1.45456049409948,0.829356818156055
"711",69.6117647058824,102.96862745098,1.47918427130866,0.853980595365232
"712",70.6509803921569,104.309803921569,1.47640985790409,0.851206181960658
"713",70,104.188235294118,1.48840336134454,0.863199685401111
"714",71.4745098039216,103.819607843137,1.45254032700538,0.82733665106195
"715",70.6588235294118,102.564705882353,1.45154845154845,0.826344775605025
"716",70.643137254902,104,1.47218829799045,0.846984622047025
"717",70.5843137254902,105.972549019608,1.5013611867326,0.876157510789169
"718",71.556862745098,108.188235294118,1.51191976763304,0.886716091689608
"719",70.9725490196078,103.352941176471,1.45623825837109,0.831034582427664
"720",70.9294117647059,103.717647058824,1.46226571570741,0.837062039763987
"721",70.1411764705882,105.243137254902,1.50044727720004,0.875243601256618
"722",69.643137254902,106.890196078431,1.53482741145335,0.909623735509921
"723",70.1607843137255,101.886274509804,1.45218266167347,0.82697898573004
"724",71.6,102.717647058824,1.43460400920145,0.809400333258019
"725",70.2078431372549,103.513725490196,1.47438976707814,0.849186091134716
"726",70.9137254901961,105.239215686275,1.48404578886247,0.858842112919041
"727",70.078431372549,104.478431372549,1.49087856743145,0.865674891488023
"728",70.043137254902,103.925490196078,1.48373551312916,0.858531837185737
"729",70.2235294117647,102.074509803922,1.45356564471994,0.828361968776515
"730",70.0078431372549,105.745098039216,1.51047501680484,0.885271340861413
"731",69.9019607843137,101.964705882353,1.45868162692847,0.833477950985044
"732",69.9647058823529,102.674509803922,1.46751863684771,0.842314960904283
"733",69.7882352941176,103.635294117647,1.48499662845583,0.859792952512406
"734",69.7137254901961,106.196078431373,1.52331664510322,0.898112969159796
"735",70.4313725490196,103.243137254902,1.46586859688196,0.840664920938533
"736",71.8901960784314,104.721568627451,1.45668775910975,0.831484083166326
"737",70.2,106.207843137255,1.51293223842243,0.887728562479007
"738",70.5333333333333,105.062745098039,1.4895474257756,0.864343749832176
"739",69.6313725490196,103.960784313725,1.4930164451453,0.867812769201876
"740",70.3882352941176,104.258823529412,1.48119672405148,0.855993048108052
"741",70.3647058823529,104.160784313725,1.48029872373628,0.855095047792849
"742",70.1960784313726,104.043137254902,1.48217877094972,0.856975095006294
"743",70.5098039215686,102.172549019608,1.44905450500556,0.823850829062135
"744",69.4470588235294,108.094117647059,1.55649669659495,0.931293020651525
"745",70.8509803921569,104.482352941176,1.47467758897437,0.849473913030946
"746",70.243137254902,105.470588235294,1.50150736936132,0.876303693417895
"747",70.0705882352941,105.317647058824,1.50302216252518,0.877818486581758
"748",70.7607843137255,103.227450980392,1.45882287741077,0.833619201467347
"749",71.0470588235294,104.454901960784,1.4702213390738,0.845017663130371
"750",70.1294117647059,104.901960784314,1.4958340323212,0.870630356377772
"751",70.4862745098039,103.521568627451,1.4686769778569,0.843473301913477
"752",69.8352941176471,104.839215686275,1.50123539982031,0.876031723876879
"753",71.2392156862745,107.737254901961,1.51233072773313,0.887127051789701
"754",70.7058823529412,103.301960784314,1.46100942872989,0.835805752786468
"755",69.4823529411765,105.03137254902,1.51162659442375,0.886422918480323
"756",69.9843137254902,101.8,1.45461167768688,0.82940800174345
"757",70.0509803921569,102.854901960784,1.46828640206012,0.843082726116698
"758",69.9490196078431,101.988235294118,1.45803666535852,0.832832989415097
"759",70.3529411764706,104.509803921569,1.48550724637681,0.860303570433385
"760",70.878431372549,105.960784313725,1.49496514329977,0.869761467356341
"761",69.9921568627451,103.847058823529,1.48369565217391,0.858491976230486
"762",70.5725490196078,104.458823529412,1.48016225827962,0.85495858233619
"763",69.8470588235294,104.61568627451,1.49778226938409,0.872578593440662
"764",71.2745098039216,105.196078431373,1.47592847317744,0.850724797234015
"765",70.1137254901961,104.588235294118,1.4916941663404,0.866490490396973
"766",69.9529411764706,102.83137254902,1.4700078484135,0.844804172470072
"767",70.1333333333333,105.21568627451,1.50022366360993,0.875019987666504
"768",69.956862745098,104.705882352941,1.49672066819889,0.871516992255463
"769",69.6705882352941,101.901960784314,1.46262523922098,0.837421563277557
"770",69.4117647058823,102.188235294118,1.47220338983051,0.846999713887082
"771",69.7960784313725,105.756862745098,1.51522642993595,0.890022753992521
"772",70.2274509803922,103.247058823529,1.47018092472638,0.844977248782952
"773",69.6588235294118,104.729411764706,1.5034622529978,0.878258577054378
"774",70.243137254902,105.682352941176,1.50452210808397,0.879318432140539
"775",70.7764705882353,107.443137254902,1.51806294326241,0.892859267318984
"776",69.8117647058824,102.870588235294,1.47354229861813,0.848338622674706
"777",70.8901960784314,102.360784313725,1.44393428113072,0.818730605187292
"778",69.8627450980392,105.678431372549,1.51265787257929,0.88745419663586
"779",70.5411764705882,103.83137254902,1.47192572826329,0.84672205231986
"780",70.2470588235294,103.054901960784,1.4670351141629,0.841831438219472
"781",69.8352941176471,105.137254901961,1.50550314465409,0.880299468710661
"782",71.1254901960784,102.470588235294,1.44070132877543,0.815497652832004
"783",70.3686274509804,105.152941176471,1.4943156486848,0.86911197274137
"784",70.7764705882353,101.219607843137,1.43013076241135,0.804927086467921
"785",70.5921568627451,103.780392156863,1.47014054774735,0.84493687180392
"786",70.7803921568627,103.258823529412,1.45886198681367,0.833658310870247
"787",70.1137254901961,102.392156862745,1.46037250405504,0.83516882811161
"788",69.6980392156863,102.027450980392,1.46384965959602,0.838645983652589
"789",71.6823529411765,104.03137254902,1.45128289293725,0.826079216993823
"790",70.6941176470588,105.321568627451,1.48982082431908,0.86461714837565
"791",70.8,106.458823529412,1.50365569956796,0.878452023624536
"792",69.7529411764706,106.882352941176,1.53229886996121,0.907095194017781
"793",70.7921568627451,103.349019607843,1.45989364059384,0.834689964650413
"794",70.5411764705882,101.83137254902,1.44357349344007,0.818369817496644
"795",70.3725490196078,103.61568627451,1.47238785176929,0.847184175825868
"796",70.7411764705882,102.101960784314,1.44331725705416,0.818113581110734
"797",71.4980392156863,104.141176470588,1.45655989469065,0.831356218747227
"798",70.7607843137255,105.894117647059,1.49650853469297,0.871304858749546
"799",70.8156862745098,102.803921568627,1.4517111529516,0.826507477008174
"800",70.121568627451,103.360784313725,1.47402270566523,0.848819029721804
"801",70.6666666666667,108.047058823529,1.52896781354051,0.903764137597084
"802",70.3254901960784,105.435294117647,1.49924719790331,0.87404352195988
"803",70.8352941176471,102.819607843137,1.45153075347395,0.826327077530525
"804",70.0470588235294,106.078431372549,1.51438808644049,0.889184410497061
"805",69.6509803921569,104.901960784314,1.50610889026519,0.880905214321761
"806",69.9764705882353,103.490196078431,1.47892849136965,0.853724815426221
"807",70.7294117647059,105.556862745098,1.49240408072743,0.867200404784007
"808",70.4862745098039,106.725490196078,1.51413152331145,0.888927847368023
"809",69.7647058823529,107.317647058824,1.53827993254637,0.913076256602947
"810",70.1137254901961,103.592156862745,1.4774875552324,0.852283879288969
"811",70.243137254902,105.839215686275,1.50675524787852,0.88155157193509
"812",70.7882352941176,105.435294117647,1.48944656805717,0.864242892113745
"813",70.3803921568627,105.019607843137,1.49217139354767,0.866967717604241
"814",71.2,104.486274509804,1.46750385547477,0.842300179531347
"815",70.0980392156863,107.156862745098,1.52867132867133,0.903467652727902
"816",70.5921568627451,107.227450980392,1.51897116826843,0.893767492325003
"817",70.356862745098,105.38431372549,1.49785407725322,0.872650401309792
"818",70.6,103.388235294118,1.46442259623396,0.839218920290534
"819",70.1803921568628,105.552941176471,1.50402324541797,0.878819569474543
"820",70.4666666666667,101.63137254902,1.44226167288107,0.817057996937646
"821",69.9098039215686,104.458823529412,1.49419419980928,0.868990523865851
"822",69.2823529411765,106.286274509804,1.53410313012962,0.908899454186193
"823",70.9019607843137,104.529411764706,1.47428097345133,0.8490772975079
"824",70.9529411764706,104.654901960784,1.47499032775106,0.849786651807637
"825",70.8117647058824,106.662745098039,1.50628565099407,0.881081975050647
"826",70.7725490196078,103.752941176471,1.46600543026542,0.840801754321991
"827",71.8352941176471,102.858823529412,1.43187029151654,0.806666615573114
"828",69.8470588235294,104.678431372549,1.49868059064623,0.873476914702803
"829",71.4627450980392,103.588235294118,1.44954178785052,0.824338111907092
"830",70.3529411764706,102.43137254902,1.45596432552954,0.830760649586116
"831",70.9254901960784,103.411764705882,1.45803383832799,0.832830162384562
"832",70.1137254901961,104.427450980392,1.48940097320879,0.864197297265366
"833",70.5254901960784,104.23137254902,1.47792482206406,0.85272114612063
"834",70.2745098039216,104.952941176471,1.49347098214286,0.86826730619943
"835",70.9372549019608,105.380392156863,1.48554370059152,0.860340024648093
"836",70.2,106.643137254902,1.51913300932909,0.893929333385661
"837",69.6156862745098,105.78431372549,1.51954709328526,0.894343417341837
"838",69.6823529411765,105.905882352941,1.51983791997299,0.89463424402956
"839",69.7098039215686,102.8,1.47468496849685,0.849481292553423
"840",70.3803921568627,103.729411764706,1.47383963893687,0.848635962993443
"841",70.5411764705882,103.196078431373,1.46291972426062,0.837716048317191
"842",71,104.239215686275,1.46815796741232,0.84295429146889
"843",70.0392156862745,104.611764705882,1.4936170212766,0.868413345333169
"844",70.8470588235294,104.596078431373,1.47636444149231,0.851160765548879
"845",70.8313725490196,105.105882352941,1.48388882737238,0.858685151428957
"846",70.6352941176471,101.439215686275,1.43609815678437,0.810894480840939
"847",70.2549019607843,104.274509803922,1.4842310912643,0.859027415320877
"848",70.4235294117647,104.678431372549,1.48641274083974,0.86120906489631
"849",70.4745098039216,104.188235294118,1.47838183740471,0.853178161461281
"850",69.4313725490196,102.207843137255,1.47207003671279,0.846866360769366
"851",70.4078431372549,103.278431372549,1.46685975270135,0.841656076757921
"852",70.0549019607843,101.658823529412,1.45113076578594,0.825927089842511
"853",71.5960784313725,102.725490196078,1.43479213452374,0.809588458580317
"854",69.8352941176471,104.360784313725,1.49438454627134,0.869180870327912
"855",70.2549019607843,106.356862745098,1.51387105777282,0.888667381829389
"856",70.2705882352941,103.709803921569,1.47586360846029,0.850659932516867
"857",70.1725490196078,106.054901960784,1.51134458477702,0.886140908833593
"858",70.2313725490196,108.23137254902,1.54106873638952,0.915865060446098
"859",69.9686274509804,112.572549019608,1.60890034749468,0.983696671551249
"860",70.6156862745098,105.729411764706,1.49725106902871,0.872047393085284
"861",70.1411764705882,103.239215686275,1.47187744604719,0.846673770103761
"862",70.7058823529412,103.356862745098,1.46178591236828,0.836582236424848
"863",70.5254901960784,101.670588235294,1.44161476868327,0.816411092739847
"864",69.7803921568627,103.227450980392,1.47931887152973,0.854115195586302
"865",70.0392156862745,105.266666666667,1.50296752519597,0.877763849252541
"866",70.2901960784314,105.325490196078,1.49843784869449,0.873234172751061
"867",70.1921568627451,102.6,1.46170177104866,0.836498095105235
"868",70.2078431372549,106.776470588235,1.52086242529185,0.895658749348424
"869",71.3019607843137,105.454901960784,1.4789902100979,0.853786534154472
"870",69.7764705882353,107.419607843137,1.53948181869274,0.914278142749317
"871",70.4509803921569,106.886274509804,1.51717227943223,0.891968603488802
"872",70.7921568627451,103.4,1.46061378240638,0.835410106462955
"873",70.156862745098,102.474509803922,1.46064840693125,0.835444730987819
"874",70.0078431372549,104.270588235294,1.48941295092987,0.864209274986441
"875",69.2549019607843,105.525490196078,1.52372593431484,0.898522258371409
"876",71.6117647058824,104.333333333333,1.45693006954712,0.831726393603695
"877",70.4509803921569,103.737254901961,1.4724742554968,0.847270579553372
"878",70.4941176470588,104.737254901961,1.48575878949711,0.86055511355368
"879",70.9686274509804,102.309803921569,1.44162015803724,0.816416482093817
"880",70.5843137254902,104.462745098039,1.47997110950608,0.854767433562657
"881",70.0549019607843,103.717647058824,1.48051948051948,0.855315804576053
"882",70.1450980392157,102.980392156863,1.46810532789177,0.842901651948338
"883",69.9843137254902,104.494117647059,1.4931076992043,0.867904023260877
"884",70.6313725490196,103.317647058824,1.46277274998612,0.837569074042693
"885",70.6156862745098,104.137254901961,1.47470428166824,0.849500605724813
"886",70.3294117647059,103.498039215686,1.4716181554589,0.846414479515478
"887",70.3058823529412,106.435294117647,1.51388888888889,0.888685212945462
"888",70.0509803921569,103.686274509804,1.48015450932094,0.854950833377516
"889",70.7098039215686,102.145098039216,1.44456768898009,0.819364013036663
"890",70.5607843137255,103.686274509804,1.46946034568999,0.844256669746564
"891",69.8117647058824,106.956862745098,1.53207504774744,0.906871371804017
"892",69.5254901960784,104.686274509804,1.50572508319702,0.880521407253595
"893",70.3450980392157,106.76862745098,1.51778347641878,0.892579800475349
"894",69.9058823529412,103.666666666667,1.48294625827443,0.857742582331004
"895",71.7843137254902,103.282352941176,1.43878721660748,0.813583540664057
"896",70.2352941176471,104.4,1.48643216080402,0.861228484860593
"897",70.3647058823529,103.109803921569,1.46536253692248,0.84015886097905
"898",69.6745098039216,102.960784313725,1.47773962965048,0.852535953707048
"899",70.3686274509804,102.533333333333,1.45708872046366,0.831885044520238
"900",70.4313725490196,105.235294117647,1.49415367483296,0.868949998889535
"901",69.8549019607843,105.807843137255,1.51468028967608,0.889476613732652
"902",70.3450980392157,106.729411764706,1.51722600066897,0.892022324725544
"903",69.8862745098039,103.309803921569,1.47825599012401,0.853052314180584
"904",70.5098039215686,102.886274509804,1.45917686318131,0.833973187237885
"905",70.8549019607843,102.792156862745,1.4507416426832,0.82553796673977
"906",70.1882352941176,102.352941176471,1.45826349312772,0.833059817184297
"907",69.3607843137255,100.662745098039,1.45129190931192,0.826088233368497
"908",69.4039215686275,106.090196078431,1.52859080122048,0.90338712527705
"909",70.3725490196078,102.003921568627,1.44948453608247,0.824280860139047
"910",70.2352941176471,106.419607843137,1.51518704634283,0.889983370399398
"911",69.7137254901961,104.027450980392,1.49220903414524,0.867005358201817
"912",70.8274509803922,104.674509803922,1.47788051602901,0.852676840085586
"913",69.6392156862745,103.709803921569,1.48924428426625,0.864040608322819
"914",70.9254901960784,103.2,1.45504810350547,0.829844427562047
"915",69.6392156862745,104.596078431373,1.50197094267372,0.876767266730297
"916",69.8941176470588,103.709803921569,1.48381305055266,0.85860937460923
"917",70.8274509803922,102.776470588235,1.45108244283262,0.825878766889196
"918",70.0823529411765,105.901960784314,1.5111073806726,0.885903704729171
"919",69.8862745098039,104.078431372549,1.48925425060322,0.864050574659794
"920",70.1686274509804,105.819607843137,1.50807578382608,0.88287210788265
"921",70.3607843137255,102.945098039216,1.46310333296177,0.837899657018339
"922",69.8235294117647,102.866666666667,1.47323785453524,0.848034178591816
"923",71.0941176470588,106.36862745098,1.49616636328534,0.870962687341917
"924",69.4549019607843,106.039215686275,1.52673479758342,0.901531121639996
"925",71.4352941176471,102.458823529412,1.43428853754941,0.80908486160598
"926",70.6235294117647,107.956862745098,1.52862457660059,0.903420900657162
"927",70.1764705882353,105.003921568627,1.49628387817826,0.871080202234835
"928",70.0274509803922,104.047058823529,1.48580388643109,0.860600210487664
"929",70.0392156862745,103.149019607843,1.47273236282195,0.847528686878521
"930",69.8313725490196,104.411764705882,1.49519851743696,0.869994841493536
"931",69.078431372549,104.564705882353,1.51370990632983,0.888506230386406
"932",70.9764705882353,108.505882352941,1.52875849494447,0.903554819001045
"933",70.3764705882353,106.58431372549,1.51448790816895,0.889284232225524
"934",71.2274509803922,106.56862745098,1.4961735396135,0.870969863670073
"935",70.3882352941176,105.992156862745,1.50582205136776,0.880618375424337
"936",72.3254901960784,104.125490196078,1.43967901100689,0.814475335063459
"937",69.6745098039216,105.011764705882,1.50717622558676,0.881972549643335
"938",70.2039215686275,105.835294117647,1.50754105686515,0.882337380921728
"939",70.2352941176471,106.537254901961,1.51686208821887,0.891658412275445
"940",70.9803921568627,105.435294117647,1.48541436464088,0.860210688697457
"941",70.0549019607843,102.164705882353,1.45835199283475,0.833148316891325
"942",70.0392156862745,105.61568627451,1.50795072788354,0.882747051940111
"943",70.6235294117647,105.788235294118,1.49791770781276,0.872714031869333
"944",70.0392156862745,106.419607843137,1.51942889137738,0.894225215433953
"945",70.3254901960784,103.478431372549,1.47142140188479,0.846217725941367
"946",70.9450980392157,106,1.49411309490907,0.868909418965644
"947",70.1921568627451,104.078431372549,1.48276440024582,0.857560724302397
"948",70.2745098039216,104.403921568627,1.48565848214286,0.86045480619943
"949",70.7058823529412,103.76862745098,1.46760953965613,0.842405863712702
"950",70.2980392156863,103.427450980392,1.47127077987281,0.846067103929383
"951",70.3450980392157,104.047058823529,1.47909465938232,0.85389098343889
"952",70.2117647058824,105.894117647059,1.50821045576407,0.883006779820648
"953",69.8901960784314,104.03137254902,1.48849736281001,0.863293686866583
"954",69.8627450980392,102.952941176471,1.47364580409767,0.848442128154244
"955",69.9098039215686,103.956862745098,1.48701407976665,0.861810403823219
"956",70.6705882352941,104.752941176471,1.48227068420176,0.857067008258338
"957",70.1960784313726,102.858823529412,1.46530726256983,0.840103586626405
"958",70.1176470588235,103.662745098039,1.47841163310962,0.853207957166193
"959",71.2509803921569,103.043137254902,1.44619957069734,0.820995894753915
"960",70.9843137254902,104.839215686275,1.47693497596818,0.851731300024752
"961",70.0901960784314,103.549019607843,1.47736809712975,0.852164421186322
"962",70.9725490196078,103.243137254902,1.45469112609128,0.829487450147854
"963",70.8862745098039,103,1.45303164416906,0.827827968225637
"964",71.0156862745098,103.98431372549,1.46424429841515,0.839040622471726
"965",69.9882352941176,102.486274509804,1.46433574270185,0.839132066758428
"966",70.4235294117647,103.843137254902,1.47455173181869,0.849348055875261
"967",69.7725490196078,105.117647058824,1.50657598920863,0.881372313265206
"968",71.3529411764706,102.819607843137,1.44100027480077,0.815796598857342
"969",69.9137254901961,105.827450980392,1.51368633610052,0.888482660157089
"970",71.321568627451,103.180392156863,1.44669269258261,0.821489016639187
"971",70.9098039215686,103.341176470588,1.45736091140361,0.832157235460179
"972",70.3803921568627,103.447058823529,1.46982782637767,0.844624150434241
"973",69.5960784313725,102.592156862745,1.47410829999437,0.848904624050938
"974",69.8509803921569,102.537254901961,1.46794295980238,0.842739283858954
"975",70.3725490196078,103.050980392157,1.46436333240457,0.839159656461143
"976",70.1803921568628,102.556862745098,1.46133214126062,0.83612846531719
"977",70.121568627451,104.062745098039,1.48403333146916,0.85882965552573
"978",70.7843137254902,102.333333333333,1.44570637119114,0.820502695247709
"979",70.1019607843137,102.752941176471,1.46576415305437,0.840560477110947
"980",70.6588235294118,106.725490196078,1.51043401043401,0.885230334490583
"981",70.1176470588235,104.274509803922,1.48713646532438,0.861932789380958
"982",71.4470588235294,101.83137254902,1.42527032219112,0.800066646247692
"983",70.0078431372549,107.356862745098,1.53349764732243,0.908293971379002
"984",70.1019607843137,104.211764705882,1.48657417766838,0.861370501724955
"985",70.321568627451,106.929411764706,1.52057773812179,0.895374062178366
"986",70.1647058823529,100.980392156863,1.43919069975408,0.813987023810653
"987",70.6117647058824,101.701960784314,1.44029767855159,0.815094002608167
"988",69.6941176470588,106.090196078431,1.52222597344137,0.897022297497942
"989",70.5294117647059,103.435294117647,1.46655546288574,0.841351786942311
"990",69.6549019607843,105.141176470588,1.50945839432496,0.884254718381536
"991",70.2078431372549,103.76862745098,1.47802044350109,0.852816767557662
"992",71.2705882352941,102.76862745098,1.44195003851656,0.816746362573135
"993",69.9058823529412,103.803921568627,1.48490968248626,0.859706006542829
"994",69.4745098039216,103.333333333333,1.48735606231655,0.862152386373123
"995",70.8078431372549,102.956862745098,1.45403190075321,0.828828224809785
"996",72.0980392156863,106.243137254902,1.47359260266522,0.848388926721789
"997",70.2,106.007843137255,1.51008323557343,0.884879559630005
"998",71.0352941176471,102.811764705882,1.44733355415701,0.822129878213579
"999",69.7176470588235,101.717647058824,1.45899426257172,0.833790586628291
"1000",69.8666666666667,104.654901960784,1.49792321508756,0.872719539144135
