# time, t1_s1_1_f1, t1_s1_2_f1, t1_s1_3_f1, t2_s1_1_f1, t2_s1_2_f1, t2_s1_3_f1, t3_s1_1_f1, t3_s1_2_f1, t3_s1_3_f1
2.46872,-0.03046,-0.02941,-0.03345,-0.33643,-0.07115,-0.02387,-0.06927,-0.12496,-0.09570
2.48064,-0.02996,-0.02842,-0.03187,-0.33768,-0.07147,-0.02402,-0.06896,-0.12546,-0.09565
2.49257,-0.02936,-0.02740,-0.03020,-0.33956,-0.07109,-0.02290,-0.06819,-0.12564,-0.09536
2.50449,-0.02699,-0.02676,-0.02587,-0.34189,-0.07025,-0.02280,-0.06660,-0.12599,-0.09459
2.51642,-0.02493,-0.02614,-0.02203,-0.34286,-0.07038,-0.02091,-0.06600,-0.12603,-0.09364
2.52834,-0.02397,-0.02474,-0.01980,-0.34395,-0.06846,-0.01983,-0.06408,-0.12591,-0.09306
2.54026,-0.02310,-0.02401,-0.01760,-0.34515,-0.06419,-0.01883,-0.06278,-0.12412,-0.09186
2.55219,-0.02106,-0.02440,-0.01712,-0.34369,-0.06171,-0.01688,-0.06111,-0.12120,-0.09127
2.56411,-0.02033,-0.02478,-0.01860,-0.34270,-0.05577,-0.01568,-0.06048,-0.11776,-0.09001
2.57604,-0.01892,-0.02600,-0.02125,-0.33940,-0.05042,-0.01372,-0.05969,-0.11238,-0.08899
2.58796,-0.01816,-0.02873,-0.02483,-0.33571,-0.04411,-0.01301,-0.05871,-0.10683,-0.08782
2.59988,-0.01723,-0.02955,-0.03028,-0.33119,-0.03848,-0.01165,-0.05843,-0.10009,-0.08677
2.61181,-0.01621,-0.03135,-0.03633,-0.32575,-0.03516,-0.01235,-0.05891,-0.09330,-0.08550
2.62373,-0.01580,-0.03262,-0.04213,-0.31875,-0.03053,-0.01203,-0.05870,-0.08694,-0.08353
2.63565,-0.01463,-0.03249,-0.04534,-0.31230,-0.03186,-0.01366,-0.05889,-0.08083,-0.08080
2.64758,-0.01324,-0.03154,-0.04741,-0.30473,-0.03051,-0.01541,-0.05948,-0.07583,-0.07733
2.65950,-0.01141,-0.03131,-0.04866,-0.29705,-0.03196,-0.01837,-0.05954,-0.07197,-0.07269
2.67143,-0.00935,-0.02870,-0.04862,-0.28804,-0.03081,-0.02249,-0.05838,-0.06908,-0.06825
2.68335,-0.00745,-0.02601,-0.04576,-0.28084,-0.03265,-0.02730,-0.05842,-0.06720,-0.06272
2.69527,-0.00516,-0.02299,-0.04158,-0.27241,-0.03854,-0.03226,-0.05699,-0.06697,-0.05855
2.70720,-0.00333,-0.02129,-0.03708,-0.26426,-0.04002,-0.03707,-0.05514,-0.06765,-0.05419
2.71912,-0.00163,-0.01920,-0.03179,-0.25632,-0.04338,-0.04150,-0.05285,-0.06905,-0.05213
2.73105,-0.00012,-0.01635,-0.02542,-0.24651,-0.04652,-0.04536,-0.04971,-0.07138,-0.05084
2.74297,0.00192,-0.01536,-0.02041,-0.23792,-0.05141,-0.04805,-0.04695,-0.07360,-0.05185
2.75489,0.00345,-0.01394,-0.01690,-0.22993,-0.05650,-0.04981,-0.04320,-0.07606,-0.05439
2.76682,0.00679,-0.01489,-0.01369,-0.22223,-0.06076,-0.05030,-0.03964,-0.07797,-0.05791
2.77874,0.00783,-0.01491,-0.01305,-0.21502,-0.06689,-0.04809,-0.03569,-0.07935,-0.06224
2.79067,0.01068,-0.01646,-0.01405,-0.20994,-0.07031,-0.04531,-0.03212,-0.08033,-0.06569
2.80259,0.01302,-0.01676,-0.01557,-0.20315,-0.07151,-0.04143,-0.02813,-0.08020,-0.06883
2.81451,0.01506,-0.01923,-0.02124,-0.20039,-0.07343,-0.03664,-0.02517,-0.07937,-0.07072
2.82644,0.01790,-0.01960,-0.02625,-0.19687,-0.07334,-0.03096,-0.02283,-0.07797,-0.07108
2.83836,0.01891,-0.02183,-0.03408,-0.19313,-0.07170,-0.02464,-0.02019,-0.07577,-0.06973
2.85028,0.02038,-0.02408,-0.04018,-0.18710,-0.06882,-0.01967,-0.01872,-0.07372,-0.06718
2.86221,0.02075,-0.02470,-0.04867,-0.18166,-0.06652,-0.01428,-0.01827,-0.07179,-0.06323
2.87413,0.02120,-0.02576,-0.05473,-0.17248,-0.06329,-0.01007,-0.01773,-0.06911,-0.05919
2.88606,0.02236,-0.02695,-0.06049,-0.16333,-0.05947,-0.00641,-0.01769,-0.06673,-0.05473
2.89798,0.02118,-0.02786,-0.06416,-0.15377,-0.05571,-0.00470,-0.01773,-0.06368,-0.05022
2.90990,0.02143,-0.02838,-0.06649,-0.13941,-0.05280,-0.00470,-0.01739,-0.06033,-0.04628
2.92183,0.02113,-0.02796,-0.06772,-0.12737,-0.05049,-0.00655,-0.01744,-0.05663,-0.04300
2.93375,0.02139,-0.02796,-0.06504,-0.11615,-0.05006,-0.00875,-0.01678,-0.05235,-0.04106
2.94568,0.02264,-0.02661,-0.06090,-0.10730,-0.04939,-0.01102,-0.01624,-0.04751,-0.03969
2.95760,0.02205,-0.02587,-0.05566,-0.10076,-0.04829,-0.01434,-0.01459,-0.04228,-0.03964
2.96952,0.02219,-0.02272,-0.04851,-0.09685,-0.04488,-0.01832,-0.01226,-0.03662,-0.04055
2.98145,0.02060,-0.02056,-0.04174,-0.09772,-0.04449,-0.02192,-0.00980,-0.03087,-0.04215
2.99337,0.01909,-0.01676,-0.03392,-0.10250,-0.04288,-0.02447,-0.00736,-0.02608,-0.04462
3.00530,0.01595,-0.01261,-0.02761,-0.10681,-0.03906,-0.02829,-0.00550,-0.02083,-0.04714
3.01722,0.01262,-0.00830,-0.02031,-0.11380,-0.03858,-0.03141,-0.00397,-0.01721,-0.04975
3.02914,0.00865,-0.00359,-0.01417,-0.12136,-0.03826,-0.03435,-0.00366,-0.01435,-0.05264
3.04107,0.00475,0.00056,-0.00841,-0.12387,-0.03621,-0.03626,-0.00347,-0.01229,-0.05515
3.05299,0.00064,0.00439,-0.00600,-0.12669,-0.03597,-0.03809,-0.00522,-0.01194,-0.05690
3.06492,-0.00236,0.00630,-0.00459,-0.12880,-0.03843,-0.03868,-0.00842,-0.01244,-0.05817
3.07684,-0.00592,0.00791,-0.00405,-0.12641,-0.04198,-0.03756,-0.01279,-0.01442,-0.05881
3.08876,-0.00725,0.00863,-0.00584,-0.12200,-0.04444,-0.03593,-0.01715,-0.01703,-0.05832
3.10069,-0.00899,0.00828,-0.00896,-0.11942,-0.05178,-0.03285,-0.02165,-0.02061,-0.05626
3.11261,-0.00952,0.00413,-0.01279,-0.11576,-0.05775,-0.02811,-0.02553,-0.02488,-0.05339
3.12453,-0.00970,0.00068,-0.01583,-0.11073,-0.06504,-0.02270,-0.02920,-0.02990,-0.04910
3.13646,-0.00931,-0.00319,-0.01883,-0.10750,-0.06838,-0.01694,-0.03100,-0.03535,-0.04422
3.14838,-0.00828,-0.00714,-0.02207,-0.10553,-0.07364,-0.01082,-0.03186,-0.04058,-0.03830
3.16031,-0.00839,-0.01137,-0.02347,-0.10421,-0.07397,-0.00539,-0.03138,-0.04607,-0.03152
3.17223,-0.00940,-0.01506,-0.02182,-0.10264,-0.07225,-0.00095,-0.03020,-0.05049,-0.02482
3.18415,-0.00948,-0.01753,-0.02074,-0.10316,-0.06681,0.00332,-0.02737,-0.05471,-0.01742
3.19608,-0.01029,-0.02032,-0.01731,-0.10245,-0.05791,0.00549,-0.02365,-0.05722,-0.01115
3.20800,-0.01017,-0.02326,-0.01098,-0.10406,-0.04587,0.00652,-0.01989,-0.05883,-0.00509
3.21993,-0.01101,-0.02495,-0.00429,-0.10607,-0.03226,0.00658,-0.01504,-0.05961,-0.00009
3.23185,-0.01011,-0.02708,0.00039,-0.10622,-0.01446,0.00607,-0.01104,-0.05898,0.00350
3.24377,-0.00864,-0.02819,0.00777,-0.10852,0.00295,0.00443,-0.00611,-0.05783,0.00602
3.25570,-0.00638,-0.02986,0.00904,-0.11106,0.02337,0.00300,-0.00181,-0.05586,0.00647
3.26762,-0.00232,-0.03132,0.01221,-0.11086,0.04042,0.00137,0.00264,-0.05343,0.00588
3.27955,0.00244,-0.03250,0.01201,-0.11266,0.05832,-0.00056,0.00550,-0.05010,0.00443
3.29147,0.00722,-0.03350,0.00825,-0.11409,0.07345,-0.00122,0.00805,-0.04700,0.00122
3.30339,0.01030,-0.03368,0.00595,-0.11276,0.08271,-0.00332,0.00976,-0.04246,-0.00170
3.31532,0.01442,-0.03413,-0.00009,-0.11344,0.08870,-0.00478,0.00980,-0.03807,-0.00574
3.32724,0.01625,-0.03635,-0.00490,-0.11325,0.09312,-0.00721,0.00918,-0.03304,-0.00818
3.33916,0.01857,-0.03732,-0.01047,-0.11309,0.09179,-0.00906,0.00809,-0.02770,-0.01113
3.35109,0.01874,-0.03910,-0.01576,-0.10927,0.08625,-0.01018,0.00532,-0.02189,-0.01218
3.36301,0.02004,-0.03808,-0.01864,-0.10661,0.07784,-0.01380,0.00279,-0.01670,-0.01280
3.37494,0.01962,-0.03923,-0.02013,-0.10475,0.06636,-0.01573,-0.00093,-0.01125,-0.01234
3.38686,0.01984,-0.03808,-0.02068,-0.09954,0.05374,-0.01696,-0.00441,-0.00663,-0.01106
3.39878,0.01927,-0.03818,-0.02013,-0.09401,0.04059,-0.01764,-0.00807,-0.00256,-0.00953
3.41071,0.01911,-0.03686,-0.01819,-0.08494,0.02640,-0.01687,-0.01152,0.00077,-0.00768
3.42263,0.01933,-0.03426,-0.01437,-0.07630,0.01411,-0.01358,-0.01436,0.00383,-0.00600
3.43456,0.01854,-0.03287,-0.01001,-0.06690,0.00247,-0.00921,-0.01687,0.00622,-0.00506
3.44648,0.01861,-0.03181,-0.00633,-0.05552,-0.00686,-0.00339,-0.01889,0.00866,-0.00369
3.45840,0.01847,-0.03046,-0.00089,-0.04606,-0.01634,0.00365,-0.01953,0.01050,-0.00288
3.47033,0.01781,-0.03017,0.00546,-0.03876,-0.02457,0.01134,-0.01980,0.01296,-0.00224
3.48225,0.01834,-0.03077,0.01157,-0.03125,-0.02825,0.01952,-0.01860,0.01532,-0.00132
3.49418,0.01818,-0.03213,0.01847,-0.02633,-0.03116,0.02582,-0.01731,0.01804,-0.00141
3.50610,0.02020,-0.03565,0.02347,-0.02160,-0.03269,0.03139,-0.01571,0.02097,-0.00013
3.51802,0.02179,-0.03802,0.02879,-0.01877,-0.03256,0.03475,-0.01247,0.02350,0.00037
3.52995,0.02391,-0.04065,0.03534,-0.01590,-0.03028,0.03590,-0.00893,0.02610,0.00149
3.54187,0.02902,-0.04395,0.04021,-0.01489,-0.02769,0.03519,-0.00516,0.02725,0.00272
3.55379,0.03089,-0.04497,0.04486,-0.01118,-0.02618,0.03248,-0.00090,0.02798,0.00477
3.56572,0.03483,-0.04554,0.04787,-0.00784,-0.02488,0.02763,0.00359,0.02822,0.00727
3.57764,0.03633,-0.04334,0.05314,-0.00404,-0.02407,0.02328,0.00763,0.02722,0.00922
3.58957,0.03793,-0.03918,0.05554,0.00010,-0.02364,0.01666,0.01115,0.02666,0.01145
3.60149,0.03681,-0.03188,0.05936,0.00377,-0.02500,0.01097,0.01492,0.02528,0.01375
3.61341,0.03668,-0.02162,0.06067,0.00700,-0.02742,0.00597,0.01699,0.02398,0.01518
3.62534,0.03333,-0.00960,0.06203,0.00997,-0.03141,0.00240,0.01819,0.02254,0.01570
3.63726,0.02895,0.00458,0.06273,0.01070,-0.03475,0.00193,0.01929,0.02210,0.01517
3.64919,0.02426,0.02009,0.06353,0.00902,-0.03636,0.00146,0.01933,0.02190,0.01394
3.66111,0.01829,0.03559,0.06181,0.00689,-0.03796,0.00294,0.01923,0.02210,0.01166
3.67303,0.01161,0.05014,0.05904,0.00500,-0.03949,0.00452,0.01874,0.02289,0.00858
3.68496,0.00518,0.06329,0.05617,0.00306,-0.03679,0.00833,0.01869,0.02323,0.00617
3.69688,0.00017,0.07416,0.05080,0.00210,-0.03401,0.01139,0.01837,0.02355,0.00298
3.70881,-0.00533,0.08348,0.04681,0.00285,-0.03045,0.01487,0.01888,0.02340,0.00116
3.72073,-0.00771,0.08843,0.03808,0.00562,-0.02469,0.01929,0.01932,0.02273,-0.00020
3.73265,-0.00853,0.09104,0.02986,0.01071,-0.01661,0.02208,0.01995,0.02123,-0.00098
3.74458,-0.00983,0.09033,0.01924,0.01492,-0.01133,0.02499,0.02072,0.01870,-0.00039
3.75650,-0.01091,0.08705,0.00780,0.02240,-0.00190,0.02727,0.02147,0.01625,0.00051
3.76843,-0.01056,0.08091,-0.00538,0.02909,0.00403,0.02955,0.02045,0.01409,0.00182
3.78035,-0.01103,0.07308,-0.01799,0.03570,0.00964,0.03116,0.01954,0.01105,0.00350
3.79227,-0.01266,0.06480,-0.03025,0.04144,0.01662,0.03151,0.01823,0.00908,0.00511
3.80420,-0.01442,0.05342,-0.04259,0.04644,0.02099,0.03170,0.01490,0.00769,0.00642
3.81612,-0.01677,0.04366,-0.05309,0.04894,0.02454,0.03129,0.01254,0.00726,0.00779
3.82804,-0.01822,0.03374,-0.06232,0.05059,0.02283,0.03025,0.00934,0.00725,0.00840
3.83997,-0.02170,0.02339,-0.06821,0.05155,0.02064,0.02982,0.00644,0.00735,0.00940
3.85189,-0.02243,0.01511,-0.07221,0.05188,0.01918,0.02905,0.00369,0.00775,0.01067
3.86382,-0.02191,0.00684,-0.07334,0.05427,0.01330,0.02792,0.00239,0.00815,0.01210
3.87574,-0.02104,0.00117,-0.07273,0.05550,0.00714,0.02653,0.00125,0.00776,0.01258
3.88766,-0.01807,-0.00487,-0.07053,0.06051,0.00153,0.02585,0.00088,0.00699,0.01327
3.89959,-0.01325,-0.00956,-0.06753,0.06358,-0.00370,0.02560,0.00129,0.00526,0.01447
3.91151,-0.00879,-0.01459,-0.06284,0.06906,-0.00852,0.02483,0.00183,0.00288,0.01533
3.92344,-0.00294,-0.01778,-0.05806,0.07317,-0.01144,0.02517,0.00218,0.00002,0.01575
3.93536,0.00061,-0.02131,-0.05403,0.07540,-0.01531,0.02446,0.00208,-0.00208,0.01574
3.94728,0.00627,-0.02350,-0.04791,0.07805,-0.01431,0.02353,0.00210,-0.00492,0.01514
3.95921,0.00913,-0.02637,-0.04336,0.07983,-0.01331,0.02230,0.00208,-0.00645,0.01497
3.97113,0.00899,-0.02902,-0.03619,0.07849,-0.01054,0.02057,0.00149,-0.00751,0.01365
3.98306,0.00795,-0.02962,-0.03070,0.07861,-0.00598,0.01809,0.00064,-0.00726,0.01368
3.99498,0.00540,-0.03037,-0.02315,0.07806,0.00180,0.01372,-0.00045,-0.00577,0.01260
4.00690,0.00146,-0.02925,-0.01653,0.07369,0.00829,0.00862,-0.00107,-0.00269,0.01241
4.01883,-0.00458,-0.02664,-0.01076,0.07365,0.01921,0.00297,-0.00154,0.00026,0.01187
4.03075,-0.01201,-0.02265,-0.00386,0.07466,0.02912,-0.00438,-0.00191,0.00476,0.01156
4.04267,-0.01720,-0.01640,0.00194,0.07708,0.03792,-0.01153,-0.00174,0.01007,0.01146
4.05460,-0.02396,-0.00952,0.00651,0.08161,0.05250,-0.01817,-0.00161,0.01487,0.01111
4.06652,-0.02929,-0.00066,0.00918,0.08944,0.06171,-0.02440,-0.00145,0.01993,0.00960
4.07845,-0.03124,0.00785,0.01055,0.09858,0.06946,-0.02891,-0.00101,0.02421,0.00813
4.09037,-0.03411,0.01744,0.01301,0.10863,0.07994,-0.03301,-0.00101,0.02738,0.00679
4.10229,-0.03510,0.02652,0.01546,0.12062,0.08135,-0.03573,-0.00106,0.02951,0.00453
4.11422,-0.03464,0.03411,0.01723,0.12950,0.07970,-0.03696,-0.00145,0.03065,0.00322
4.12614,-0.03320,0.04068,0.01641,0.14090,0.07418,-0.03831,-0.00094,0.03081,0.00203
4.13807,-0.03046,0.04503,0.01727,0.14789,0.06503,-0.03766,-0.00073,0.02959,0.00209
4.14999,-0.02748,0.04780,0.02058,0.15206,0.04995,-0.03909,-0.00014,0.02841,0.00226
4.16191,-0.02314,0.04890,0.02176,0.15156,0.03372,-0.03898,0.00104,0.02583,0.00377
4.17384,-0.01793,0.04614,0.02212,0.15144,0.01476,-0.04126,0.00250,0.02324,0.00585
4.18576,-0.01437,0.04292,0.02246,0.14429,-0.00371,-0.04262,0.00492,0.02029,0.00860
4.19769,-0.00969,0.03820,0.02186,0.13822,-0.02292,-0.04421,0.00811,0.01822,0.01264
4.20961,-0.00663,0.03170,0.02037,0.12953,-0.03852,-0.04528,0.01115,0.01573,0.01740
4.22153,-0.00195,0.02585,0.01812,0.11626,-0.05078,-0.04532,0.01479,0.01323,0.02287
4.23346,0.00048,0.01882,0.01378,0.10373,-0.05940,-0.04476,0.01851,0.01080,0.02857
4.24538,0.00500,0.01307,0.00887,0.09154,-0.06092,-0.04329,0.02171,0.00789,0.03456
4.25731,0.00675,0.00615,0.00188,0.07925,-0.05926,-0.04031,0.02513,0.00474,0.03964
4.26923,0.01146,0.00194,-0.00445,0.06808,-0.04927,-0.03590,0.02750,0.00113,0.04501
4.28115,0.01379,-0.00162,-0.01027,0.05852,-0.03743,-0.03175,0.03012,-0.00200,0.04903
4.29308,0.01563,-0.00314,-0.01760,0.05044,-0.02231,-0.02728,0.03226,-0.00568,0.05157
4.30500,0.01849,-0.00327,-0.02265,0.04315,-0.00396,-0.02290,0.03350,-0.00891,0.05196
4.31692,0.01860,-0.00176,-0.02812,0.03833,0.01556,-0.01958,0.03475,-0.01181,0.05198
4.32885,0.01892,0.00258,-0.03327,0.03679,0.03633,-0.01655,0.03596,-0.01475,0.05070
4.34077,0.01907,0.00764,-0.03699,0.03587,0.05691,-0.01400,0.03735,-0.01764,0.04820
4.35270,0.01880,0.01320,-0.04160,0.03659,0.07593,-0.01206,0.03761,-0.01933,0.04579
4.36462,0.01758,0.01789,-0.04442,0.03871,0.09273,-0.01012,0.03843,-0.02055,0.04298
4.37654,0.01755,0.02290,-0.04628,0.04298,0.10809,-0.00829,0.03901,-0.02078,0.04118
4.38847,0.01809,0.02754,-0.05012,0.04822,0.11906,-0.00519,0.03998,-0.02015,0.04002
4.40039,0.01991,0.03073,-0.05295,0.05406,0.13311,-0.00354,0.03959,-0.01758,0.03910
4.41232,0.02276,0.03164,-0.05582,0.05932,0.14252,0.00083,0.04014,-0.01452,0.03930
4.42424,0.02714,0.03194,-0.05894,0.06491,0.15003,0.00425,0.03952,-0.00878,0.04023
4.43616,0.03440,0.03085,-0.06266,0.07138,0.15706,0.00806,0.03768,-0.00211,0.04151
4.44809,0.04204,0.02863,-0.06526,0.07720,0.15902,0.01161,0.03582,0.00620,0.04366
4.46001,0.05175,0.02631,-0.06815,0.08444,0.15897,0.01468,0.03358,0.01556,0.04486
4.47194,0.06233,0.02376,-0.07165,0.09000,0.15785,0.01830,0.03047,0.02560,0.04618
4.48386,0.07113,0.02026,-0.07383,0.09354,0.15624,0.01970,0.02748,0.03564,0.04671
4.49578,0.08299,0.01769,-0.07350,0.09590,0.15054,0.02130,0.02345,0.04493,0.04751
4.50771,0.09195,0.01536,-0.07321,0.09877,0.14370,0.02157,0.02064,0.05293,0.04691
4.51963,0.10029,0.01268,-0.06970,0.10017,0.13412,0.02131,0.01738,0.05883,0.04651
4.53155,0.10631,0.01067,-0.06664,0.09898,0.12450,0.02171,0.01593,0.06228,0.04527
4.54348,0.11003,0.00881,-0.06248,0.09851,0.11474,0.02188,0.01440,0.06314,0.04354
4.55540,0.11073,0.00740,-0.05631,0.09447,0.10313,0.02237,0.01457,0.06129,0.04201
4.56733,0.10867,0.00501,-0.04913,0.09346,0.09305,0.02398,0.01563,0.05734,0.04064
4.57925,0.10337,0.00401,-0.04451,0.08839,0.08293,0.02559,0.01715,0.05057,0.03862
4.59117,0.09603,0.00084,-0.03883,0.08600,0.07495,0.02695,0.01891,0.04408,0.03678
4.60310,0.08718,-0.00039,-0.03363,0.08309,0.07004,0.02856,0.02174,0.03620,0.03463
4.61502,0.07652,-0.00241,-0.03056,0.08182,0.06569,0.02904,0.02432,0.02829,0.03251
4.62695,0.06700,-0.00365,-0.02606,0.07770,0.06460,0.02930,0.02654,0.02131,0.03034
4.63887,0.05753,-0.00284,-0.02340,0.07687,0.06617,0.02757,0.02950,0.01511,0.02813
4.65079,0.05029,-0.00192,-0.02203,0.07530,0.06878,0.02441,0.03135,0.01150,0.02583
4.66272,0.04487,0.00016,-0.02083,0.07390,0.07282,0.02041,0.03386,0.00870,0.02347
4.67464,0.04235,0.00399,-0.02051,0.07359,0.07956,0.01508,0.03496,0.00741,0.02148
4.68657,0.04408,0.00678,-0.02016,0.07489,0.08466,0.00913,0.03646,0.00762,0.02039
4.69849,0.04757,0.01040,-0.01855,0.07555,0.09125,0.00206,0.03744,0.00838,0.02057
4.71041,0.05527,0.01417,-0.01710,0.07774,0.09230,-0.00296,0.03856,0.00978,0.02242
4.72234,0.06343,0.01737,-0.01501,0.08173,0.09629,-0.00894,0.03890,0.01165,0.02486
4.73426,0.07254,0.01919,-0.01109,0.08894,0.09455,-0.01258,0.03857,0.01332,0.03003
4.74619,0.08331,0.02395,-0.00736,0.09529,0.09317,-0.01655,0.03776,0.01515,0.03584
4.75811,0.09249,0.02763,-0.00200,0.10103,0.08685,-0.01763,0.03647,0.01667,0.04268
4.77003,0.09944,0.03201,0.00501,0.11106,0.08302,-0.01730,0.03488,0.01824,0.05081
4.78196,0.10492,0.03630,0.01130,0.11625,0.07669,-0.01684,0.03361,0.01988,0.05900
4.79388,0.10788,0.04298,0.01843,0.12209,0.06820,-0.01314,0.03165,0.02185,0.06673
4.80580,0.10827,0.04997,0.02594,0.12628,0.05870,-0.00791,0.03115,0.02447,0.07431
4.81773,0.10875,0.05730,0.03257,0.12767,0.05348,-0.00186,0.03121,0.02719,0.08033
4.82965,0.10692,0.06429,0.03808,0.12557,0.04642,0.00484,0.03177,0.03060,0.08572
4.84158,0.10208,0.07029,0.04455,0.12496,0.04366,0.01258,0.03340,0.03501,0.08979
4.85350,0.09984,0.07753,0.04934,0.11583,0.04065,0.01986,0.03515,0.04027,0.09233
4.86542,0.09523,0.08205,0.05395,0.10868,0.04048,0.02621,0.03743,0.04549,0.09466
4.87735,0.09204,0.08787,0.06080,0.10071,0.04244,0.03259,0.03951,0.05140,0.09516
4.88927,0.08993,0.09178,0.06506,0.09015,0.04548,0.03728,0.04124,0.05711,0.09625
4.90120,0.08850,0.09657,0.06843,0.07987,0.05058,0.03950,0.04267,0.06297,0.09621
4.91312,0.08971,0.10141,0.07214,0.07408,0.05522,0.04018,0.04420,0.06877,0.09638
4.92504,0.09172,0.10557,0.07529,0.06617,0.05992,0.03968,0.04409,0.07322,0.09604
4.93697,0.09338,0.11040,0.07749,0.06156,0.06209,0.03965,0.04474,0.07689,0.09503
4.94889,0.09709,0.11592,0.07835,0.05685,0.06620,0.03801,0.04484,0.07997,0.09370
4.96082,0.10184,0.12210,0.07924,0.05483,0.06839,0.03634,0.04403,0.08207,0.09219
4.97274,0.10563,0.12812,0.07987,0.05314,0.06770,0.03492,0.04377,0.08372,0.09015
4.98466,0.11066,0.13360,0.07694,0.05326,0.06785,0.03312,0.04318,0.08465,0.08819
4.99659,0.11678,0.13821,0.07661,0.05585,0.06722,0.03174,0.04332,0.08477,0.08537
5.00851,0.12268,0.14325,0.07640,0.05601,0.06858,0.02978,0.04328,0.08513,0.08258
5.02043,0.12949,0.14743,0.07491,0.05941,0.06977,0.02760,0.04433,0.08467,0.07949
5.03236,0.13906,0.15067,0.07447,0.06243,0.07209,0.02596,0.04635,0.08491,0.07635
5.04428,0.14831,0.15439,0.07376,0.06470,0.07468,0.02290,0.04904,0.08446,0.07313
5.05621,0.15927,0.15678,0.07506,0.07064,0.07566,0.02079,0.05206,0.08369,0.06989
5.06813,0.17131,0.15992,0.07546,0.07660,0.07842,0.02044,0.05635,0.08287,0.06735
5.08005,0.18322,0.16250,0.07866,0.08144,0.07782,0.02048,0.06176,0.08129,0.06457
5.09198,0.19503,0.16651,0.08102,0.08789,0.07710,0.02070,0.06783,0.07978,0.06312
5.10390,0.20609,0.17105,0.08571,0.09555,0.07525,0.02338,0.07320,0.07759,0.06332
5.11583,0.21638,0.17473,0.09047,0.10317,0.07502,0.02576,0.07868,0.07438,0.06444
5.12775,0.22344,0.17917,0.09781,0.10851,0.07223,0.03013,0.08424,0.07175,0.06758
5.13967,0.23000,0.18300,0.10387,0.11373,0.06864,0.03318,0.08863,0.06771,0.07278
5.15160,0.23358,0.18939,0.11109,0.11900,0.06803,0.03641,0.09209,0.06334,0.07942
5.16352,0.23404,0.19296,0.11688,0.12313,0.06770,0.03900,0.09413,0.05982,0.08843
5.17545,0.23323,0.19761,0.12176,0.12588,0.06915,0.04045,0.09581,0.05584,0.09844
5.18737,0.22958,0.20344,0.12583,0.12597,0.07187,0.04006,0.09571,0.05324,0.10876
5.19929,0.22443,0.21041,0.12850,0.12540,0.07556,0.03883,0.09603,0.05161,0.11921
5.21122,0.21673,0.21793,0.12966,0.12774,0.07968,0.03594,0.09504,0.05122,0.12939
5.22314,0.21044,0.22577,0.13030,0.12717,0.08282,0.03254,0.09398,0.05219,0.13762
5.23506,0.20239,0.23530,0.12802,0.12821,0.08423,0.02869,0.09237,0.05448,0.14389
5.24699,0.19548,0.24563,0.12505,0.13155,0.08242,0.02415,0.09203,0.05870,0.14800
5.25891,0.19111,0.25648,0.11960,0.13486,0.08033,0.02065,0.09128,0.06301,0.14950
5.27084,0.18574,0.26690,0.11530,0.14072,0.07717,0.01687,0.09074,0.06780,0.14892
5.28276,0.18417,0.27444,0.11004,0.14569,0.07349,0.01475,0.09109,0.07285,0.14623
5.29468,0.18484,0.28251,0.10397,0.15071,0.06900,0.01258,0.09092,0.07722,0.14200
5.30661,0.18811,0.28812,0.09817,0.15861,0.06662,0.01075,0.09135,0.08174,0.13586
5.31853,0.19107,0.29120,0.09382,0.16485,0.06382,0.00958,0.09139,0.08484,0.12963
5.33046,0.19794,0.29321,0.09145,0.17339,0.06260,0.00919,0.09099,0.08660,0.12242
5.34238,0.20571,0.29347,0.08832,0.17822,0.06193,0.00897,0.09149,0.08737,0.11575
5.35430,0.21468,0.29438,0.08847,0.18423,0.06252,0.00945,0.09018,0.08771,0.10895
5.36623,0.22341,0.29457,0.09112,0.19327,0.06434,0.01049,0.08944,0.08613,0.10403
5.37815,0.23202,0.29597,0.09443,0.19894,0.06446,0.01190,0.08853,0.08440,0.09939
5.39008,0.24019,0.29894,0.10069,0.20437,0.06653,0.01440,0.08756,0.08157,0.09699
5.40200,0.24593,0.30212,0.10831,0.20794,0.06663,0.01724,0.08687,0.07896,0.09671
5.41392,0.25095,0.30763,0.11631,0.20817,0.06761,0.02260,0.08599,0.07636,0.09793
5.42585,0.25513,0.31249,0.12583,0.20719,0.07238,0.02716,0.08632,0.07397,0.10003
5.43777,0.25967,0.31803,0.13522,0.20165,0.07649,0.03240,0.08749,0.07216,0.10454
5.44970,0.26290,0.32547,0.14489,0.19562,0.07987,0.03824,0.08865,0.07083,0.10901
5.46162,0.26477,0.33063,0.15386,0.18413,0.09018,0.04190,0.09097,0.07074,0.11466
5.47354,0.26869,0.33533,0.16175,0.17367,0.09956,0.04576,0.09340,0.07207,0.11994
5.48547,0.27290,0.33923,0.17008,0.16207,0.11025,0.04779,0.09657,0.07400,0.12564
5.49739,0.27810,0.34545,0.17560,0.14914,0.12057,0.04827,0.09998,0.07730,0.13031
5.50931,0.28261,0.34998,0.18163,0.13948,0.13485,0.04625,0.10305,0.08115,0.13419
5.52124,0.28670,0.35709,0.18342,0.13220,0.14672,0.04261,0.10598,0.08635,0.13792
5.53316,0.29080,0.36116,0.18822,0.12726,0.15654,0.03601,0.10789,0.09221,0.14038
5.54509,0.29438,0.36813,0.19198,0.12747,0.16561,0.02772,0.10991,0.09841,0.14368
5.55701,0.29674,0.37776,0.19545,0.12986,0.16904,0.01833,0.11095,0.10509,0.14759
5.56893,0.29871,0.38549,0.20092,0.13817,0.16848,0.00810,0.11172,0.11150,0.15133
5.58086,0.29925,0.39565,0.20606,0.14860,0.16764,-0.00216,0.11138,0.11681,0.15635
5.59278,0.29899,0.40548,0.21306,0.16107,0.16318,-0.01252,0.11106,0.12189,0.16240
5.60471,0.29956,0.41579,0.21897,0.17252,0.15282,-0.02146,0.10968,0.12511,0.16838
5.61663,0.29949,0.42549,0.22840,0.18453,0.13786,-0.03120,0.10794,0.12696,0.17493
5.62855,0.29973,0.43431,0.23668,0.19446,0.12413,-0.03769,0.10580,0.12792,0.18178
5.64048,0.30085,0.44389,0.24446,0.20191,0.11034,-0.04387,0.10365,0.12704,0.18760
5.65240,0.30278,0.45258,0.25297,0.20474,0.09481,-0.04861,0.10103,0.12485,0.19193
5.66433,0.30454,0.46105,0.25719,0.20635,0.08229,-0.05051,0.09764,0.12188,0.19471
5.67625,0.30854,0.46897,0.26093,0.20304,0.07173,-0.05261,0.09496,0.11891,0.19673
5.68817,0.31171,0.47723,0.26447,0.19779,0.06128,-0.05312,0.09237,0.11544,0.19652
5.70010,0.31620,0.48484,0.26326,0.19312,0.05606,-0.05236,0.08991,0.11369,0.19533
5.71202,0.31969,0.49316,0.26308,0.18345,0.05566,-0.05107,0.08809,0.11178,0.19369
5.72394,0.32475,0.50094,0.25950,0.17570,0.05480,-0.04911,0.08639,0.11118,0.19148
5.73587,0.33112,0.50792,0.25499,0.16649,0.05865,-0.04645,0.08465,0.11141,0.18936
5.74779,0.33707,0.51521,0.24889,0.15875,0.06467,-0.04405,0.08386,0.11205,0.18739
5.75972,0.34289,0.52099,0.24421,0.15386,0.07492,-0.04056,0.08464,0.11329,0.18657
5.77164,0.34988,0.52655,0.23848,0.14892,0.08127,-0.03711,0.08605,0.11479,0.18577
5.78356,0.35600,0.52980,0.23534,0.14644,0.08975,-0.03285,0.08767,0.11633,0.18553
5.79549,0.36381,0.53507,0.23290,0.14769,0.10065,-0.02980,0.09154,0.11820,0.18554
5.80741,0.37119,0.53841,0.23027,0.14880,0.10843,-0.02629,0.09494,0.11996,0.18549
5.81934,0.37805,0.54480,0.23204,0.15394,0.11502,-0.02388,0.09951,0.12161,0.18604
5.83126,0.38148,0.55153,0.23398,0.15761,0.12072,-0.02065,0.10413,0.12307,0.18564
5.84318,0.38543,0.56161,0.23798,0.16598,0.12572,-0.01744,0.10926,0.12446,0.18535
5.85511,0.38711,0.57240,0.24426,0.17349,0.12789,-0.01561,0.11377,0.12607,0.18372
5.86703,0.38681,0.58608,0.25098,0.18280,0.12947,-0.01259,0.11943,0.12784,0.18145
5.87896,0.38392,0.59980,0.25728,0.18860,0.13090,-0.01194,0.12376,0.12987,0.17892
5.89088,0.38091,0.61604,0.26759,0.19617,0.12800,-0.01001,0.12640,0.13237,0.17575
5.90280,0.37711,0.62976,0.27683,0.20306,0.12572,-0.00813,0.12877,0.13515,0.17121
5.91473,0.37546,0.64428,0.28519,0.20995,0.12287,-0.00667,0.13085,0.13906,0.16762
5.92665,0.37342,0.65674,0.29345,0.21292,0.12240,-0.00548,0.13103,0.14297,0.16416
5.93858,0.37567,0.66804,0.30165,0.21663,0.11867,-0.00483,0.13024,0.14681,0.16050
5.95050,0.37762,0.67826,0.30777,0.21821,0.11898,-0.00386,0.12747,0.15038,0.15843
5.96242,0.38271,0.68833,0.31361,0.21704,0.11612,-0.00465,0.12526,0.15435,0.15677
5.97435,0.39012,0.69727,0.32041,0.21440,0.11619,-0.00712,0.12109,0.15758,0.15653
5.98627,0.39939,0.70457,0.32328,0.20938,0.11538,-0.00830,0.11689,0.15999,0.15709
5.99819,0.40938,0.71602,0.32862,0.20484,0.11399,-0.01053,0.11345,0.16144,0.15891
6.01012,0.42006,0.72588,0.33218,0.19645,0.11134,-0.01415,0.11079,0.16240,0.16128
6.02204,0.43325,0.73714,0.33717,0.18749,0.10994,-0.01832,0.10882,0.16313,0.16461
6.03397,0.44434,0.74921,0.34220,0.17887,0.10588,-0.02166,0.10921,0.16402,0.16862
6.04589,0.45586,0.76229,0.34676,0.17024,0.10165,-0.02657,0.11063,0.16469,0.17323
6.05781,0.46764,0.77396,0.35094,0.16141,0.09734,-0.02933,0.11454,0.16506,0.17852
6.06974,0.47848,0.78340,0.35666,0.15236,0.09535,-0.03194,0.12010,0.16708,0.18345
6.08166,0.48950,0.79392,0.35935,0.14406,0.09209,-0.03456,0.12664,0.16857,0.18900
6.09359,0.49767,0.80109,0.36347,0.13777,0.09037,-0.03603,0.13446,0.17091,0.19398
6.10551,0.50354,0.80662,0.36570,0.13204,0.08923,-0.03682,0.14324,0.17341,0.19870
6.11743,0.50866,0.81247,0.36620,0.12731,0.08834,-0.03840,0.14971,0.17596,0.20322
6.12936,0.51242,0.81732,0.36660,0.12543,0.08747,-0.03777,0.15728,0.17831,0.20662
6.14128,0.51341,0.82332,0.36826,0.12432,0.08787,-0.03752,0.16260,0.18104,0.20975
6.15321,0.51576,0.82991,0.36760,0.12482,0.08830,-0.03659,0.16714,0.18224,0.21123
6.16513,0.51560,0.83830,0.36912,0.12499,0.08753,-0.03611,0.17052,0.18369,0.21213
6.17705,0.51551,0.84890,0.37136,0.12774,0.08705,-0.03507,0.17249,0.18400,0.21228
6.18898,0.51420,0.85861,0.37621,0.13152,0.08729,-0.03524,0.17274,0.18428,0.21168
6.20090,0.51308,0.86993,0.38258,0.13691,0.08417,-0.03477,0.17336,0.18451,0.20948
6.21282,0.51236,0.88164,0.38818,0.13876,0.08309,-0.03393,0.17257,0.18457,0.20753
6.22475,0.51369,0.89506,0.39461,0.14017,0.08197,-0.03381,0.17192,0.18454,0.20514
6.23667,0.51392,0.90596,0.40238,0.14236,0.07933,-0.03574,0.17262,0.18506,0.20332
6.24860,0.51694,0.91598,0.40930,0.14450,0.08003,-0.03749,0.17253,0.18615,0.20223
6.26052,0.51912,0.92779,0.41865,0.14175,0.08032,-0.04080,0.17289,0.18759,0.20112
6.27244,0.52255,0.93820,0.42549,0.13822,0.08161,-0.04357,0.17338,0.19078,0.20144
6.28437,0.52864,0.94818,0.43079,0.13567,0.08403,-0.04779,0.17282,0.19366,0.20329
6.29629,0.53442,0.95717,0.43580,0.13208,0.08863,-0.05074,0.17364,0.19735,0.20606
6.30822,0.54107,0.96908,0.44189,0.12664,0.09161,-0.05358,0.17399,0.20174,0.20966
6.32014,0.54661,0.97946,0.44706,0.12366,0.09766,-0.05598,0.17536,0.20617,0.21434
6.33206,0.55266,0.99207,0.45190,0.11932,0.10069,-0.05668,0.17692,0.21073,0.21939
6.34399,0.55781,1.00077,0.45918,0.11438,0.10710,-0.05716,0.17969,0.21477,0.22370
6.35591,0.56346,1.01217,0.46518,0.11117,0.10891,-0.05645,0.18344,0.21849,0.22744
6.36784,0.56683,1.02254,0.46896,0.10677,0.11228,-0.05494,0.18824,0.22132,0.23037
6.37976,0.56659,1.03260,0.47621,0.10118,0.11409,-0.05280,0.19390,0.22205,0.23295
6.39168,0.56665,1.04028,0.47781,0.09499,0.11431,-0.05127,0.20074,0.22144,0.23356
6.40361,0.56623,1.04684,0.48018,0.09184,0.11630,-0.05027,0.20717,0.21890,0.23338
6.41553,0.56501,1.05012,0.47928,0.08776,0.11517,-0.04935,0.21389,0.21619,0.23241
6.42746,0.56205,1.05329,0.47546,0.08527,0.11603,-0.04953,0.22147,0.21144,0.23046
6.43938,0.55979,1.05517,0.47129,0.08409,0.11382,-0.05017,0.22753,0.20642,0.22777
6.45130,0.55812,1.05738,0.46171,0.08230,0.11282,-0.04935,0.23241,0.20142,0.22510
6.46323,0.55682,1.05701,0.45019,0.08330,0.11277,-0.04961,0.23614,0.19730,0.22286
6.47515,0.55549,1.05670,0.43881,0.08848,0.11375,-0.04905,0.23874,0.19419,0.22005
6.48707,0.55480,1.05666,0.42762,0.09113,0.11326,-0.04829,0.23986,0.19322,0.21752
6.49900,0.55540,1.05691,0.41559,0.09298,0.11583,-0.04572,0.23978,0.19261,0.21513
6.51092,0.55505,1.05758,0.40181,0.09840,0.11945,-0.04350,0.23891,0.19402,0.21259
6.52285,0.55750,1.05579,0.39223,0.10337,0.12363,-0.03982,0.23713,0.19722,0.20921
6.53477,0.55808,1.05609,0.38426,0.10882,0.13091,-0.03555,0.23584,0.20121,0.20659
6.54669,0.55994,1.05405,0.37754,0.11843,0.13873,-0.03201,0.23361,0.20641,0.20323
6.55862,0.56250,1.05257,0.37245,0.12483,0.14896,-0.02940,0.23139,0.21116,0.19921
6.57054,0.56494,1.05091,0.36957,0.13429,0.15871,-0.02767,0.23025,0.21715,0.19451
6.58247,0.56695,1.04849,0.37025,0.14216,0.16788,-0.02792,0.22905,0.22275,0.19104
6.59439,0.56875,1.04738,0.37010,0.14923,0.17651,-0.03041,0.22892,0.22791,0.18769
6.60631,0.56948,1.04586,0.37428,0.15617,0.18489,-0.03366,0.22821,0.23304,0.18431
6.61824,0.57005,1.04490,0.37959,0.16499,0.18645,-0.03759,0.22784,0.23693,0.18225
6.63016,0.57074,1.04397,0.38448,0.16981,0.18726,-0.04287,0.22822,0.24050,0.18129
6.64209,0.57016,1.04483,0.39046,0.17559,0.18584,-0.04736,0.22800,0.24273,0.18168
6.65401,0.56858,1.04409,0.39878,0.17621,0.18298,-0.05085,0.22748,0.24469,0.18318
6.66593,0.56978,1.04657,0.40655,0.17910,0.17382,-0.05270,0.22802,0.24523,0.18656
6.67786,0.56747,1.04654,0.41315,0.17991,0.16494,-0.05287,0.22642,0.24522,0.19136
6.68978,0.56624,1.04885,0.41936,0.17916,0.15722,-0.05173,0.22489,0.24434,0.19633
6.70170,0.56565,1.04889,0.42438,0.17899,0.14787,-0.04843,0.22408,0.24300,0.20191
6.71363,0.56181,1.05123,0.42895,0.17684,0.13892,-0.04306,0.22269,0.24137,0.20830
6.72555,0.55809,1.05286,0.43309,0.17172,0.13384,-0.03621,0.22143,0.23983,0.21389
6.73748,0.55432,1.05229,0.43516,0.16765,0.12896,-0.02960,0.22106,0.23684,0.21885
6.74940,0.54935,1.04998,0.43679,0.16217,0.12727,-0.02133,0.22090,0.23411,0.22254
6.76132,0.54470,1.04907,0.43684,0.15432,0.12480,-0.01525,0.22216,0.23021,0.22606
6.77325,0.53966,1.04503,0.43686,0.14794,0.12466,-0.00914,0.22298,0.22648,0.22888
6.78517,0.53493,1.04057,0.43492,0.13915,0.12890,-0.00384,0.22655,0.22288,0.23115
6.79710,0.53242,1.03321,0.43235,0.13158,0.12844,0.00068,0.22900,0.21874,0.23281
6.80902,0.52913,1.02771,0.43173,0.12487,0.13030,0.00432,0.23186,0.21468,0.23491
6.82094,0.52474,1.02204,0.42960,0.11810,0.13107,0.00590,0.23523,0.21115,0.23696
6.83287,0.52446,1.01721,0.42653,0.11288,0.13279,0.00673,0.23726,0.20859,0.24040
6.84479,0.52253,1.01271,0.42206,0.10842,0.13384,0.00759,0.23997,0.20587,0.24403
6.85672,0.52126,1.01083,0.41815,0.10456,0.13578,0.00732,0.24043,0.20348,0.24762
6.86864,0.51837,1.01080,0.41269,0.10214,0.13528,0.00586,0.24009,0.20199,0.25194
6.88056,0.51534,1.01289,0.40830,0.09719,0.13582,0.00458,0.23924,0.20113,0.25425
6.89249,0.51383,1.01852,0.40256,0.09374,0.13272,0.00346,0.23820,0.19985,0.25652
6.90441,0.50955,1.02266,0.39845,0.09149,0.13101,0.00376,0.23683,0.19896,0.25620
6.91633,0.50732,1.03017,0.39362,0.08887,0.12641,0.00377,0.23578,0.19764,0.25376
6.92826,0.50378,1.03754,0.39297,0.08774,0.12191,0.00452,0.23556,0.19668,0.24896
6.94018,0.49886,1.04346,0.39158,0.08504,0.11256,0.00539,0.23611,0.19489,0.24192
6.95211,0.49664,1.04554,0.39169,0.08617,0.10674,0.00738,0.23908,0.19355,0.23349
6.96403,0.49573,1.04970,0.39558,0.09044,0.09902,0.00971,0.24168,0.19247,0.22287
6.97595,0.49431,1.05138,0.40004,0.09599,0.08993,0.01118,0.24388,0.19066,0.21202
6.98788,0.49484,1.05151,0.40507,0.10254,0.08177,0.01280,0.24543,0.18974,0.20173
6.99980,0.49914,1.05172,0.40971,0.11274,0.07525,0.01441,0.24714,0.18864,0.19321
7.01173,0.50297,1.04819,0.41773,0.12076,0.06769,0.01537,0.24594,0.18799,0.18493
7.02365,0.50786,1.04627,0.41997,0.13240,0.05935,0.01479,0.24142,0.18787,0.17948
7.03557,0.51468,1.04412,0.42388,0.14088,0.05579,0.01436,0.23434,0.18869,0.17633
7.04750,0.51921,1.04213,0.42945,0.15143,0.05043,0.01193,0.22614,0.19074,0.17557
7.05942,0.52347,1.04101,0.43214,0.15907,0.04387,0.00874,0.21586,0.19234,0.17722
7.07135,0.52516,1.03769,0.43196,0.16315,0.03984,0.00518,0.20321,0.19385,0.18123
7.08327,0.52494,1.03551,0.43316,0.16610,0.03893,0.00060,0.19187,0.19603,0.18660
7.09519,0.52131,1.03257,0.43255,0.16277,0.03658,-0.00524,0.18190,0.19683,0.19287
7.10712,0.51495,1.02794,0.43392,0.15812,0.03314,-0.01082,0.17435,0.19715,0.19969
7.11904,0.50311,1.02382,0.43397,0.15036,0.03507,-0.01650,0.16893,0.19614,0.20632
7.13097,0.49359,1.01738,0.43454,0.13979,0.03715,-0.02351,0.16691,0.19371,0.21276
7.14289,0.47993,1.00930,0.43649,0.12641,0.04054,-0.02931,0.16870,0.19053,0.21867
7.15481,0.46609,1.00000,0.43636,0.11375,0.04936,-0.03534,0.17249,0.18657,0.22304
7.16674,0.45377,0.99062,0.43704,0.10025,0.05577,-0.04045,0.17857,0.18112,0.22748
7.17866,0.44357,0.98053,0.43705,0.08788,0.06628,-0.04536,0.18615,0.17625,0.23076
7.19058,0.43593,0.97133,0.43453,0.07636,0.07569,-0.05035,0.19404,0.17091,0.23242
7.20251,0.42946,0.96321,0.43450,0.06542,0.08572,-0.05563,0.20203,0.16634,0.23382
7.21443,0.42528,0.95567,0.42937,0.05836,0.09369,-0.05937,0.20966,0.16243,0.23426
7.22636,0.42502,0.94759,0.42820,0.05112,0.10232,-0.06328,0.21790,0.15973,0.23429
7.23828,0.42382,0.94174,0.42290,0.04664,0.10754,-0.06626,0.22464,0.15764,0.23311
7.25020,0.42576,0.93664,0.41912,0.04553,0.11154,-0.06916,0.23130,0.15696,0.23155
7.26213,0.42836,0.92887,0.41540,0.04449,0.11404,-0.07022,0.23699,0.15813,0.22961
7.27405,0.43227,0.92331,0.41036,0.04306,0.11490,-0.07012,0.24245,0.16015,0.22671
7.28598,0.43746,0.91522,0.40422,0.04096,0.11430,-0.06963,0.24718,0.16253,0.22406
7.29790,0.44129,0.90756,0.39961,0.03827,0.11043,-0.06707,0.24979,0.16590,0.22088
7.30982,0.44610,0.89823,0.39311,0.03452,0.10660,-0.06423,0.25193,0.17003,0.21816
7.32175,0.45171,0.89105,0.38538,0.03258,0.10509,-0.05983,0.25225,0.17458,0.21581
7.33367,0.45532,0.88297,0.37976,0.02927,0.10303,-0.05437,0.25094,0.17920,0.21304
7.34560,0.45850,0.87422,0.37283,0.02613,0.09824,-0.04787,0.24799,0.18310,0.21108
7.35752,0.46019,0.86762,0.36533,0.02478,0.09296,-0.04189,0.24370,0.18595,0.20923
7.36944,0.46182,0.86353,0.35920,0.02754,0.09146,-0.03410,0.23906,0.18867,0.20849
7.38137,0.46404,0.85782,0.35341,0.03092,0.09007,-0.02611,0.23276,0.19024,0.20836
7.39329,0.46559,0.85478,0.34944,0.03606,0.08682,-0.01760,0.22783,0.19141,0.20733
7.40521,0.46935,0.85268,0.34405,0.04524,0.08655,-0.00880,0.22177,0.19212,0.20820
7.41714,0.47226,0.85187,0.33978,0.05540,0.08579,0.00043,0.21837,0.19110,0.20773
7.42906,0.47959,0.85105,0.33569,0.06915,0.08242,0.00911,0.21487,0.18905,0.20867
7.44099,0.48603,0.85276,0.33099,0.08181,0.07827,0.01622,0.21318,0.18675,0.20792
7.45291,0.49662,0.85344,0.32943,0.09364,0.07646,0.02294,0.21229,0.18334,0.20691
7.46483,0.50647,0.85603,0.32513,0.10578,0.07190,0.02814,0.21201,0.17880,0.20507
7.47676,0.51738,0.85847,0.32380,0.11559,0.06433,0.03114,0.21267,0.17438,0.20293
7.48868,0.52763,0.86221,0.32162,0.12141,0.05861,0.03513,0.21451,0.16883,0.19986
7.50061,0.53472,0.86595,0.31858,0.12572,0.05406,0.03619,0.21670,0.16436,0.19693
7.51253,0.53998,0.86748,0.31538,0.12609,0.04626,0.03967,0.22071,0.15917,0.19407
7.52445,0.54348,0.87010,0.31061,0.12318,0.04132,0.04078,0.22476,0.15494,0.19130
7.53638,0.54039,0.87063,0.30598,0.11907,0.03631,0.04250,0.22890,0.15204,0.18981
7.54830,0.53656,0.86926,0.30067,0.11225,0.03159,0.04385,0.23559,0.15049,0.18856
7.56023,0.53209,0.86637,0.29698,0.10495,0.02831,0.04503,0.24096,0.14911,0.18824
7.57215,0.52431,0.86205,0.29519,0.09944,0.02431,0.04593,0.24670,0.14954,0.19024
7.58407,0.51693,0.85615,0.29184,0.09178,0.02118,0.04637,0.25187,0.15063,0.19180
7.59600,0.51175,0.84736,0.29327,0.08680,0.01738,0.04498,0.25586,0.15256,0.19480
7.60792,0.50776,0.84033,0.29668,0.08338,0.01279,0.04444,0.25911,0.15495,0.19973
7.61985,0.50713,0.83234,0.30279,0.07970,0.00969,0.04244,0.26057,0.15689,0.20505
7.63177,0.50793,0.82426,0.31195,0.07764,0.00435,0.04050,0.25986,0.15872,0.21039
7.64369,0.51097,0.81703,0.32450,0.07603,0.00152,0.03888,0.25745,0.16005,0.21726
7.65562,0.51590,0.80904,0.33755,0.07308,-0.00377,0.03823,0.25454,0.16080,0.22439
7.66754,0.52230,0.80422,0.35179,0.07318,-0.00625,0.03903,0.24924,0.16120,0.23022
7.67946,0.52791,0.80221,0.36674,0.07193,-0.01111,0.04080,0.24455,0.16058,0.23552
7.69139,0.53426,0.80168,0.38215,0.07472,-0.01342,0.04356,0.23903,0.15951,0.24016
7.70331,0.53811,0.80253,0.39327,0.07775,-0.01346,0.04882,0.23455,0.15815,0.24374
7.71524,0.54096,0.80662,0.40395,0.08090,-0.01609,0.05484,0.22968,0.15706,0.24554
7.72716,0.53804,0.81394,0.41086,0.08344,-0.01199,0.06150,0.22634,0.15540,0.24676
7.73908,0.53177,0.82362,0.41674,0.09026,-0.01163,0.06753,0.22389,0.15369,0.24629
7.75101,0.52484,0.83370,0.41766,0.09558,-0.00749,0.07348,0.22147,0.15234,0.24475
7.76293,0.51292,0.84604,0.41652,0.10114,-0.00314,0.07959,0.22025,0.15131,0.24272
7.77486,0.49968,0.85777,0.41237,0.10602,0.00321,0.08331,0.21884,0.14910,0.24027
7.78678,0.48593,0.86937,0.40600,0.10898,0.00827,0.08407,0.21829,0.14802,0.23710
7.79870,0.47102,0.88052,0.40003,0.10990,0.01589,0.08311,0.21836,0.14649,0.23468
7.81063,0.45880,0.88780,0.39127,0.11165,0.02301,0.08008,0.21838,0.14477,0.23220
7.82255,0.44548,0.89316,0.38430,0.11134,0.03064,0.07541,0.21859,0.14328,0.23159
7.83448,0.43438,0.89575,0.37579,0.11506,0.03765,0.07030,0.21921,0.14198,0.23064
7.84640,0.42576,0.89757,0.36825,0.11607,0.04644,0.06358,0.21915,0.13995,0.22980
7.85832,0.42319,0.89611,0.36192,0.11798,0.05231,0.05830,0.21946,0.13818,0.23005
7.87025,0.41917,0.89281,0.35820,0.12226,0.05753,0.05311,0.21991,0.13725,0.23038
7.88217,0.41956,0.88815,0.35604,0.12506,0.06454,0.04844,0.21942,0.13548,0.23131
7.89409,0.42117,0.88442,0.35676,0.13331,0.07126,0.04547,0.22082,0.13510,0.23166
7.90602,0.42489,0.88227,0.35871,0.14118,0.07837,0.04216,0.22147,0.13483,0.23208
7.91794,0.42637,0.88110,0.36298,0.15422,0.08396,0.04017,0.22248,0.13579,0.23210
7.92987,0.42994,0.87957,0.37051,0.16632,0.09041,0.03822,0.22452,0.13651,0.23226
7.94179,0.43132,0.87978,0.37518,0.18119,0.09833,0.03627,0.22763,0.13910,0.23206
7.95371,0.43096,0.88501,0.38322,0.19904,0.10390,0.03245,0.23097,0.14215,0.23072
7.96564,0.42958,0.88998,0.39046,0.21401,0.10842,0.02822,0.23392,0.14486,0.22958
7.97756,0.42747,0.89586,0.39458,0.22962,0.11485,0.02433,0.23662,0.14842,0.22757
7.98949,0.42433,0.90249,0.39829,0.24432,0.12020,0.01920,0.23988,0.15164,0.22512
8.00141,0.42163,0.90683,0.39983,0.25859,0.12801,0.01458,0.24208,0.15523,0.22254
8.01333,0.42048,0.91271,0.39894,0.26532,0.13436,0.01055,0.24320,0.15775,0.21921
8.02526,0.41901,0.91748,0.39657,0.27082,0.14028,0.00738,0.24506,0.16010,0.21654
8.03718,0.42041,0.91977,0.39070,0.27227,0.14461,0.00675,0.24610,0.16083,0.21292
8.04911,0.42252,0.92195,0.38299,0.27173,0.15198,0.00601,0.24706,0.16140,0.20883
8.06103,0.42744,0.92192,0.37461,0.26428,0.15186,0.00835,0.24829,0.15973,0.20562
8.07295,0.43063,0.92062,0.36668,0.25311,0.15369,0.01128,0.25032,0.15777,0.20172
8.08488,0.43627,0.91861,0.35733,0.24360,0.15232,0.01608,0.25222,0.15516,0.19897
8.09680,0.43996,0.91669,0.34978,0.22911,0.14831,0.02090,0.25478,0.15213,0.19592
8.10873,0.44199,0.91392,0.34194,0.21601,0.13960,0.02616,0.25853,0.14896,0.19392
8.12065,0.44201,0.91055,0.33674,0.20462,0.12772,0.03188,0.26015,0.14658,0.19268
8.13257,0.44027,0.90705,0.33355,0.19335,0.11054,0.03558,0.26145,0.14508,0.19285
8.14450,0.43853,0.90534,0.33341,0.18320,0.09422,0.03847,0.26288,0.14456,0.19424
8.15642,0.43565,0.90166,0.33388,0.17423,0.07502,0.04038,0.26344,0.14503,0.19726
8.16834,0.43301,0.90164,0.33665,0.16397,0.05638,0.03957,0.26279,0.14613,0.20049
8.18027,0.43112,0.90103,0.34321,0.15578,0.03844,0.03805,0.26208,0.14842,0.20498
8.19219,0.43077,0.90198,0.34902,0.15423,0.02305,0.03486,0.26094,0.15010,0.20916
8.20412,0.43211,0.90233,0.35701,0.14839,0.01176,0.03064,0.25857,0.15265,0.21411
8.21604,0.43395,0.90360,0.36530,0.14412,0.00240,0.02680,0.25606,0.15496,0.21764
8.22796,0.43640,0.90307,0.37208,0.14212,-0.00404,0.02426,0.25341,0.15755,0.22132
8.23989,0.43814,0.90354,0.37821,0.13922,-0.00559,0.02094,0.25007,0.16032,0.22417
8.25181,0.43836,0.90170,0.38091,0.14015,-0.00521,0.01964,0.24727,0.16261,0.22547
8.26374,0.43626,0.90038,0.38288,0.14071,-0.00352,0.02059,0.24305,0.16489,0.22773
8.27566,0.43230,0.89739,0.38455,0.14353,-0.00191,0.02334,0.23898,0.16735,0.22896
8.28758,0.42659,0.89436,0.37980,0.14560,-0.00021,0.02602,0.23464,0.16972,0.23017
8.29951,0.42143,0.89197,0.37525,0.14961,0.00049,0.03110,0.22965,0.17133,0.23173
8.31143,0.41468,0.88947,0.36725,0.15263,-0.00002,0.03574,0.22455,0.17304,0.23353
8.32336,0.40912,0.88775,0.35869,0.15565,-0.00292,0.04086,0.22084,0.17339,0.23637
8.33528,0.40449,0.88806,0.34714,0.15666,-0.00655,0.04517,0.21742,0.17378,0.23997
8.34720,0.40364,0.89011,0.33529,0.15861,-0.01241,0.04780,0.21353,0.17257,0.24281
8.35913,0.40486,0.89252,0.32120,0.15701,-0.01845,0.05054,0.21111,0.17076,0.24477
8.37105,0.40593,0.89761,0.30831,0.15574,-0.02353,0.05091,0.20906,0.16886,0.24622
8.38297,0.41066,0.90084,0.29634,0.14959,-0.02770,0.05176,0.20814,0.16611,0.24707
8.39490,0.41566,0.90525,0.28342,0.14351,-0.02950,0.05055,0.20720,0.16410,0.24535
8.40682,0.42048,0.90710,0.27213,0.14129,-0.02811,0.04925,0.20705,0.16263,0.24299
8.41875,0.42551,0.90781,0.26089,0.13812,-0.02391,0.04690,0.20757,0.16217,0.23834
8.43067,0.42882,0.90830,0.25356,0.13401,-0.01400,0.04403,0.20828,0.16356,0.23319
8.44259,0.43138,0.90468,0.24717,0.13407,-0.00475,0.04170,0.20933,0.16511,0.22722
8.45452,0.42938,0.90215,0.24268,0.13532,0.01080,0.03824,0.21037,0.16871,0.22046
8.46644,0.42838,0.89660,0.24171,0.13647,0.02620,0.03513,0.21046,0.17428,0.21515
8.47837,0.42530,0.89118,0.24310,0.14246,0.04497,0.03078,0.21110,0.18001,0.20949
8.49029,0.42038,0.88400,0.24621,0.14945,0.06121,0.02470,0.21037,0.18620,0.20555
8.50221,0.41544,0.87748,0.25352,0.15984,0.07841,0.01921,0.20994,0.19228,0.20272
8.51414,0.41113,0.86943,0.25784,0.16762,0.09145,0.01360,0.20979,0.19821,0.20093
8.52606,0.40672,0.86447,0.26569,0.17767,0.10104,0.00774,0.21004,0.20378,0.19908
8.53799,0.40366,0.85632,0.27118,0.19033,0.10650,0.00262,0.21159,0.20797,0.19970
8.54991,0.40191,0.84926,0.27700,0.19950,0.10969,-0.00196,0.21338,0.21137,0.19951
8.56183,0.40009,0.84129,0.27998,0.21131,0.10830,-0.00398,0.21746,0.21293,0.19924
8.57376,0.40031,0.83223,0.28236,0.21914,0.10197,-0.00464,0.22188,0.21329,0.19898
8.58568,0.40090,0.82642,0.28320,0.22871,0.09638,-0.00276,0.22781,0.21323,0.19847
8.59761,0.39931,0.81746,0.28282,0.23890,0.08361,0.00146,0.23332,0.21075,0.19638
8.60953,0.39759,0.80988,0.28063,0.24953,0.06951,0.00624,0.23951,0.20844,0.19406
8.62145,0.39694,0.80280,0.27842,0.25706,0.05510,0.01263,0.24396,0.20493,0.19017
8.63338,0.39311,0.79472,0.27601,0.26690,0.03851,0.01962,0.24740,0.20046,0.18640
8.64530,0.39102,0.78678,0.27226,0.27300,0.02592,0.02591,0.24984,0.19628,0.18178
8.65722,0.38818,0.77884,0.26760,0.27882,0.01242,0.03297,0.25003,0.19127,0.17705
8.66915,0.38538,0.77022,0.26208,0.27881,0.00079,0.03912,0.24929,0.18637,0.17332
8.68107,0.38206,0.76314,0.25493,0.27641,-0.00947,0.04391,0.24709,0.18164,0.16908
8.69300,0.38008,0.75569,0.24675,0.27231,-0.02078,0.04787,0.24484,0.17631,0.16674
8.70492,0.37801,0.75026,0.23980,0.26017,-0.02779,0.05094,0.24205,0.17190,0.16615
8.71684,0.37856,0.74382,0.22873,0.24786,-0.03390,0.05283,0.24067,0.16754,0.16585
8.72877,0.37913,0.73827,0.22101,0.23537,-0.04089,0.05400,0.23853,0.16320,0.16784
8.74069,0.37939,0.73667,0.21388,0.22042,-0.04664,0.05428,0.23729,0.15976,0.17217
8.75262,0.38150,0.73461,0.20878,0.20531,-0.05177,0.05308,0.23582,0.15707,0.17746
8.76454,0.38346,0.73317,0.20596,0.19546,-0.05606,0.05175,0.23601,0.15543,0.18345
8.77646,0.38451,0.73690,0.20306,0.18421,-0.05727,0.04980,0.23575,0.15506,0.19025
8.78839,0.38643,0.74228,0.20389,0.17762,-0.06080,0.04692,0.23503,0.15642,0.19769
8.80031,0.38809,0.74864,0.20631,0.17289,-0.06089,0.04594,0.23344,0.15934,0.20388
8.81224,0.38891,0.75884,0.20902,0.16839,-0.06253,0.04414,0.23163,0.16385,0.20935
8.82416,0.38906,0.77270,0.21273,0.16803,-0.06137,0.04367,0.22945,0.17098,0.21451
8.83608,0.38660,0.78818,0.21551,0.16667,-0.06104,0.04400,0.22713,0.17958,0.21734
8.84801,0.38443,0.80539,0.21874,0.16716,-0.05962,0.04505,0.22410,0.18871,0.21921
8.85993,0.38163,0.82241,0.22171,0.16586,-0.05988,0.04666,0.22223,0.19844,0.21943
8.87185,0.37733,0.84004,0.22216,0.16489,-0.05583,0.04983,0.21994,0.20797,0.21764
8.88378,0.37213,0.85806,0.22057,0.16125,-0.05525,0.05384,0.21861,0.21658,0.21530
8.89570,0.36426,0.87531,0.21691,0.16120,-0.05026,0.05761,0.21721,0.22456,0.21143
8.90763,0.35586,0.88867,0.21314,0.15667,-0.04633,0.06276,0.21659,0.23038,0.20740
8.91955,0.34623,0.90227,0.20555,0.15766,-0.03882,0.06627,0.21564,0.23480,0.20358
8.93147,0.33591,0.91252,0.19755,0.15312,-0.03188,0.06968,0.21509,0.23805,0.19937
8.94340,0.32511,0.92104,0.18683,0.14735,-0.02351,0.07285,0.21497,0.23969,0.19536
8.95532,0.31619,0.92801,0.17674,0.14569,-0.01532,0.07433,0.21444,0.24049,0.19279
8.96725,0.30489,0.93289,0.16451,0.13988,-0.00586,0.07630,0.21490,0.23922,0.19117
8.97917,0.29741,0.93728,0.15506,0.13498,0.00070,0.07508,0.21620,0.23714,0.19069
8.99109,0.29059,0.93989,0.14793,0.13058,0.00693,0.07444,0.21882,0.23328,0.19105
9.00302,0.28521,0.94351,0.14001,0.12872,0.01194,0.07377,0.22132,0.22923,0.19270
9.01494,0.28148,0.94546,0.13513,0.12591,0.01741,0.07266,0.22292,0.22409,0.19510
9.02687,0.27958,0.94505,0.13256,0.12865,0.02144,0.07180,0.22612,0.21866,0.19857
9.03879,0.28220,0.94469,0.13275,0.13560,0.02594,0.07246,0.22797,0.21252,0.20217
9.05071,0.28385,0.94384,0.13692,0.14824,0.02946,0.07335,0.22911,0.20750,0.20675
9.06264,0.28914,0.94136,0.14226,0.15973,0.03582,0.07597,0.22942,0.20226,0.21045
9.07456,0.29459,0.93946,0.14914,0.17484,0.04167,0.07930,0.22828,0.19915,0.21397
9.08648,0.30270,0.93470,0.15964,0.19385,0.04635,0.08379,0.22535,0.19677,0.21609
9.09841,0.31049,0.93044,0.16863,0.21223,0.04929,0.08892,0.22143,0.19707,0.21735
9.11033,0.31786,0.92558,0.17560,0.22905,0.05214,0.09359,0.21673,0.19858,0.21782
9.12226,0.32598,0.92270,0.18564,0.24427,0.05567,0.09908,0.21072,0.20253,0.21702
9.13418,0.32914,0.91941,0.19246,0.25344,0.05230,0.10419,0.20560,0.20773,0.21452
9.14610,0.33364,0.91756,0.19836,0.25912,0.05030,0.10790,0.20235,0.21440,0.21258
9.15803,0.33254,0.91439,0.20221,0.26515,0.04483,0.11225,0.19837,0.22191,0.20936
9.16995,0.33265,0.91214,0.20364,0.26744,0.03931,0.11406,0.19636,0.22931,0.20527
9.18188,0.33054,0.91071,0.20560,0.26692,0.03203,0.11650,0.19703,0.23702,0.20207
9.19380,0.32674,0.91018,0.20972,0.25991,0.02329,0.11878,0.19762,0.24291,0.19831
9.20572,0.32435,0.91144,0.21021,0.25442,0.01335,0.11985,0.20047,0.24816,0.19540
9.21765,0.32090,0.91225,0.21294,0.24912,0.00907,0.12080,0.20249,0.25132,0.19333
9.22957,0.31917,0.91638,0.21640,0.23958,0.00206,0.12139,0.20560,0.25102,0.19097
9.24150,0.31951,0.92594,0.22061,0.23277,-0.00236,0.12210,0.20787,0.24986,0.18966
9.25342,0.32130,0.93344,0.22542,0.22130,-0.00402,0.12212,0.20983,0.24620,0.19008
9.26534,0.32408,0.94402,0.23135,0.20826,-0.00359,0.12270,0.21081,0.24054,0.19063
9.27727,0.32817,0.95690,0.23746,0.19751,0.00054,0.12286,0.21076,0.23476,0.19192
9.28919,0.33257,0.97152,0.24263,0.18574,0.00291,0.12292,0.20977,0.22791,0.19418
9.30112,0.33621,0.98527,0.24724,0.17291,0.00837,0.12369,0.20814,0.22214,0.19811
9.31304,0.33842,0.99810,0.24958,0.16043,0.01165,0.12545,0.20689,0.21632,0.20315
9.32496,0.34100,1.01056,0.25208,0.14759,0.01496,0.12794,0.20557,0.21230,0.20808
9.33689,0.34206,1.02087,0.25257,0.13679,0.01760,0.13130,0.20512,0.20947,0.21336
9.34881,0.34194,1.02644,0.25023,0.12494,0.01733,0.13508,0.20590,0.20700,0.21879
9.36073,0.34009,1.02981,0.24822,0.11396,0.01309,0.14071,0.20660,0.20560,0.22359
9.37266,0.33791,1.03087,0.24229,0.10495,0.00819,0.14633,0.20875,0.20447,0.22800
9.38458,0.33635,1.02989,0.23773,0.10049,-0.00036,0.15357,0.20896,0.20437,0.23152
9.39651,0.33359,1.02686,0.23085,0.09978,-0.01278,0.15844,0.21102,0.20416,0.23374
9.40843,0.32890,1.02092,0.22237,0.10495,-0.02412,0.16366,0.21205,0.20287,0.23497
9.42035,0.32498,1.01655,0.21330,0.11206,-0.03648,0.16732,0.21237,0.20211,0.23515
9.43228,0.31965,1.01286,0.20275,0.12384,-0.05034,0.16859,0.21239,0.20076,0.23366
9.44420,0.31424,1.00587,0.19461,0.14098,-0.06289,0.16886,0.21065,0.19939,0.23185
9.45613,0.30730,0.99974,0.18480,0.15487,-0.07506,0.16578,0.20805,0.19802,0.22976
9.46805,0.30049,0.99503,0.17323,0.17536,-0.08543,0.16158,0.20486,0.19776,0.22621
9.47997,0.29245,0.98743,0.16476,0.19470,-0.09420,0.15619,0.20087,0.19710,0.22215
9.49190,0.28498,0.98202,0.15551,0.20872,-0.09954,0.14981,0.19608,0.19812,0.21739
9.50382,0.27936,0.97610,0.14605,0.22250,-0.10385,0.14296,0.19095,0.19920,0.21343
9.51575,0.27255,0.96751,0.13809,0.23042,-0.10930,0.13562,0.18554,0.20120,0.20896
9.52767,0.26811,0.96267,0.13058,0.23674,-0.11077,0.12849,0.18089,0.20366,0.20517
9.53959,0.26343,0.95615,0.12504,0.23807,-0.11360,0.12193,0.17548,0.20742,0.20227
9.55152,0.26127,0.95087,0.12216,0.23567,-0.11614,0.11706,0.17005,0.21155,0.20113
9.56344,0.25852,0.94430,0.11740,0.23202,-0.11745,0.11301,0.16619,0.21571,0.20095
9.57536,0.25731,0.94027,0.11700,0.22423,-0.12165,0.11068,0.16283,0.22007,0.20185
9.58729,0.25753,0.93536,0.11903,0.21843,-0.12559,0.10942,0.16015,0.22412,0.20439
9.59921,0.25901,0.93228,0.12328,0.20925,-0.12900,0.11044,0.15926,0.22709,0.20817
9.61114,0.26261,0.92785,0.12617,0.20528,-0.13697,0.11216,0.15774,0.22957,0.21266
9.62306,0.26810,0.92205,0.13229,0.20257,-0.14031,0.11514,0.15875,0.23083,0.21717
9.63498,0.27337,0.91670,0.13736,0.20005,-0.14371,0.11900,0.16090,0.23061,0.22134
9.64691,0.27985,0.91107,0.14152,0.20248,-0.14538,0.12289,0.16407,0.23001,0.22476
9.65883,0.28823,0.90435,0.14538,0.20647,-0.14884,0.12676,0.16821,0.22716,0.22648
9.67076,0.29535,0.89731,0.14684,0.21203,-0.14728,0.12938,0.17360,0.22338,0.22782
9.68268,0.30454,0.88881,0.14692,0.21973,-0.14544,0.13294,0.17856,0.21829,0.22568
9.69460,0.31119,0.88020,0.14588,0.22785,-0.14184,0.13546,0.18432,0.21184,0.22256
9.70653,0.31877,0.87235,0.14312,0.23459,-0.13572,0.13775,0.18969,0.20490,0.21721
9.71845,0.32228,0.86525,0.14070,0.24350,-0.13259,0.14039,0.19554,0.19766,0.21139
9.73038,0.32556,0.85857,0.13430,0.24872,-0.12532,0.14493,0.19994,0.19048,0.20451
9.74230,0.32721,0.85451,0.12993,0.25244,-0.11689,0.14905,0.20552,0.18464,0.19798
9.75422,0.32638,0.85115,0.12280,0.25295,-0.10885,0.15289,0.20937,0.17998,0.19163
9.76615,0.32382,0.85046,0.11968,0.25359,-0.10140,0.15744,0.21246,0.17621,0.18611
9.77807,0.32069,0.85168,0.11511,0.25404,-0.09500,0.16178,0.21552,0.17373,0.18203
9.79000,0.31636,0.85783,0.11408,0.25143,-0.08767,0.16522,0.21551,0.17305,0.17899
9.80192,0.30976,0.86507,0.11523,0.24601,-0.08340,0.16617,0.21542,0.17417,0.17719
9.81384,0.30437,0.87688,0.11668,0.24641,-0.07906,0.16708,0.21542,0.17686,0.17576
9.82577,0.29891,0.89063,0.12234,0.24392,-0.07798,0.16612,0.21314,0.18024,0.17546
9.83769,0.29358,0.90512,0.12680,0.23981,-0.07786,0.16384,0.20978,0.18385,0.17486
9.84961,0.28928,0.92210,0.13288,0.23321,-0.08187,0.15907,0.20758,0.18889,0.17373
9.86154,0.28669,0.94060,0.13976,0.22615,-0.08803,0.15307,0.20342,0.19335,0.17310
9.87346,0.28605,0.95885,0.14652,0.21658,-0.09808,0.14617,0.19940,0.19941,0.17317
9.88539,0.28602,0.97652,0.15183,0.20846,-0.10846,0.13983,0.19521,0.20546,0.17341
9.89731,0.28737,0.99110,0.15533,0.19651,-0.12084,0.13266,0.19095,0.21199,0.17363
9.90923,0.28953,1.00500,0.15933,0.18428,-0.13476,0.12576,0.18866,0.21765,0.17501
9.92116,0.29211,1.01645,0.16085,0.17156,-0.14874,0.12123,0.18655,0.22523,0.17723
9.93308,0.29444,1.02345,0.16311,0.16029,-0.16385,0.11732,0.18560,0.23145,0.18100
9.94501,0.29608,1.02966,0.16443,0.15037,-0.17643,0.11389,0.18546,0.23916,0.18472
9.95693,0.29910,1.03581,0.16460,0.14540,-0.18736,0.11121,0.18694,0.24558,0.18901
9.96885,0.30084,1.03819,0.16815,0.14267,-0.19681,0.11157,0.18847,0.25182,0.19324
9.98078,0.30186,1.04201,0.16808,0.14465,-0.20162,0.11230,0.19238,0.25792,0.19618
9.99270,0.30179,1.04581,0.16983,0.14975,-0.20245,0.11274,0.19620,0.26307,0.19844
10.00463,0.30194,1.04930,0.17252,0.15554,-0.20260,0.11565,0.20119,0.26722,0.19860
10.01655,0.30285,1.05176,0.17297,0.16386,-0.19933,0.11918,0.20659,0.26920,0.19807
10.02847,0.30385,1.05438,0.17332,0.17163,-0.19136,0.12217,0.21126,0.26934,0.19491
10.04040,0.30588,1.05663,0.17623,0.18144,-0.18277,0.12493,0.21570,0.26790,0.19151
10.05232,0.30945,1.05770,0.17635,0.18557,-0.17492,0.12797,0.22008,0.26294,0.18607
10.06424,0.31226,1.05978,0.17882,0.19074,-0.16764,0.13029,0.22338,0.25650,0.18045
10.07617,0.31349,1.06012,0.18014,0.19225,-0.16179,0.13123,0.22600,0.24915,0.17465
10.08809,0.31720,1.05988,0.18170,0.18836,-0.15452,0.13081,0.22686,0.24002,0.16806
10.10002,0.32119,1.06047,0.18390,0.18448,-0.15336,0.13012,0.22706,0.23010,0.16238
10.11194,0.32244,1.06121,0.18477,0.17569,-0.15355,0.12890,0.22577,0.21956,0.15705
10.12386,0.32491,1.06260,0.18583,0.16602,-0.15503,0.12642,0.22216,0.21087,0.15219
10.13579,0.32518,1.06473,0.18407,0.15606,-0.15551,0.12528,0.21613,0.20151,0.14802
10.14771,0.32509,1.06801,0.18410,0.14524,-0.16009,0.12319,0.20887,0.19383,0.14491
10.15964,0.32454,1.07207,0.18032,0.13492,-0.16317,0.12290,0.20010,0.18758,0.14210
10.17156,0.32053,1.07749,0.17712,0.12598,-0.16506,0.12233,0.19103,0.18337,0.13946
10.18348,0.31704,1.08366,0.17176,0.11718,-0.16787,0.12217,0.18184,0.17970,0.13723
10.19541,0.31314,1.09148,0.16535,0.11181,-0.16919,0.12253,0.17347,0.17808,0.13592
10.20733,0.30946,1.09955,0.15951,0.10822,-0.16864,0.12415,0.16741,0.17733,0.13426
10.21926,0.30342,1.11000,0.15463,0.10886,-0.16782,0.12446,0.16402,0.17755,0.13342
10.23118,0.29812,1.11723,0.14957,0.10908,-0.16783,0.12554,0.16343,0.17966,0.13308
10.24310,0.29388,1.12660,0.14777,0.11285,-0.16642,0.12561,0.16545,0.18218,0.13322
10.25503,0.28909,1.13489,0.14700,0.11637,-0.16611,0.12530,0.16965,0.18537,0.13399
10.26695,0.28430,1.14001,0.14750,0.12116,-0.16430,0.12504,0.17550,0.18958,0.13521
10.27888,0.27979,1.14229,0.14872,0.12379,-0.16555,0.12420,0.18281,0.19390,0.13628
10.29080,0.27592,1.14343,0.15078,0.12677,-0.16785,0.12211,0.18951,0.19915,0.13843
10.30272,0.27047,1.14029,0.15252,0.12645,-0.16962,0.12102,0.19485,0.20359,0.14115
10.31465,0.26630,1.13382,0.15162,0.12561,-0.17240,0.11992,0.19979,0.20829,0.14420
10.32657,0.26201,1.12627,0.14704,0.12195,-0.17824,0.11893,0.20273,0.21315,0.14717
10.33849,0.25956,1.11630,0.14299,0.11678,-0.18223,0.11795,0.20430,0.21744,0.14999
10.35042,0.25731,1.10584,0.13498,0.11319,-0.18865,0.11692,0.20443,0.22099,0.15260
10.36234,0.25752,1.09477,0.12590,0.10972,-0.19465,0.11859,0.20459,0.22400,0.15536
10.37427,0.25635,1.08522,0.11431,0.10793,-0.19968,0.11920,0.20335,0.22490,0.15823
10.38619,0.25817,1.07543,0.10268,0.10975,-0.20444,0.12134,0.20378,0.22605,0.16108
10.39811,0.25982,1.06926,0.09157,0.11539,-0.20767,0.12398,0.20341,0.22495,0.16330
10.41004,0.26373,1.06689,0.08105,0.12596,-0.21069,0.12705,0.20397,0.22436,0.16634
10.42196,0.26761,1.06389,0.07343,0.13814,-0.21134,0.13133,0.20643,0.22156,0.16906
10.43389,0.27274,1.06438,0.06727,0.15062,-0.20881,0.13642,0.20753,0.21931,0.17221
10.44581,0.27802,1.06737,0.06367,0.16219,-0.20859,0.14111,0.21010,0.21649,0.17507
10.45773,0.28301,1.07032,0.06115,0.17485,-0.20399,0.14616,0.21229,0.21396,0.17863
10.46966,0.28598,1.07352,0.06362,0.18833,-0.19901,0.15262,0.21477,0.21166,0.18096
10.48158,0.28903,1.07715,0.06746,0.19766,-0.19455,0.15919,0.21714,0.21023,0.18431
10.49351,0.28995,1.08276,0.06911,0.20593,-0.18972,0.16553,0.21808,0.20951,0.18603
10.50543,0.28997,1.08583,0.07560,0.21060,-0.18463,0.17350,0.21975,0.20923,0.18778
10.51735,0.28566,1.08703,0.08011,0.21042,-0.17963,0.18035,0.22089,0.21003,0.18956
10.52928,0.28128,1.08674,0.08365,0.20673,-0.17341,0.18722,0.22190,0.21072,0.18922
10.54120,0.27572,1.08563,0.08613,0.20162,-0.16709,0.19316,0.22172,0.21243,0.18831
10.55312,0.26871,1.08509,0.08724,0.19117,-0.16104,0.19881,0.22117,0.21423,0.18748
10.56505,0.26163,1.08264,0.08501,0.18445,-0.15607,0.20410,0.22137,0.21594,0.18585
10.57697,0.25517,1.07983,0.08194,0.17235,-0.14833,0.20755,0.21897,0.21805,0.18393
10.58890,0.24781,1.07768,0.07639,0.16117,-0.14472,0.21066,0.21537,0.21967,0.18327
10.60082,0.24135,1.07392,0.07185,0.14979,-0.14068,0.21362,0.21100,0.22047,0.18236
10.61274,0.23707,1.06985,0.06351,0.13967,-0.13624,0.21576,0.20600,0.22102,0.18261
10.62467,0.23548,1.06411,0.05876,0.12895,-0.13451,0.21823,0.19933,0.22040,0.18374
10.63659,0.23407,1.05690,0.05361,0.11982,-0.13035,0.21914,0.19240,0.21831,0.18671
10.64852,0.23381,1.04872,0.04894,0.11175,-0.12890,0.22011,0.18620,0.21679,0.19060
10.66044,0.23672,1.03967,0.04816,0.10097,-0.12912,0.22233,0.18010,0.21258,0.19615
10.67236,0.24131,1.02890,0.04796,0.09322,-0.12833,0.22358,0.17514,0.20902,0.20187
10.68429,0.24718,1.01887,0.04979,0.08254,-0.12913,0.22573,0.17140,0.20414,0.20803
10.69621,0.25457,1.00985,0.05222,0.07239,-0.13160,0.22741,0.16845,0.19971,0.21428
10.70814,0.26093,1.00133,0.05617,0.06222,-0.13651,0.23130,0.16660,0.19389,0.21941
10.72006,0.26759,0.99539,0.05800,0.05126,-0.14171,0.23540,0.16686,0.18933,0.22344
10.73198,0.27303,0.99285,0.06082,0.04278,-0.14784,0.23880,0.16855,0.18352,0.22695
10.74391,0.27757,0.99156,0.06184,0.03444,-0.15667,0.24161,0.17074,0.17744,0.22808
10.75583,0.28106,0.99446,0.06271,0.02664,-0.16722,0.24453,0.17302,0.17061,0.22891
10.76775,0.28268,0.99949,0.06388,0.02442,-0.17459,0.24805,0.17695,0.16335,0.22778
10.77968,0.28192,1.00463,0.06426,0.02152,-0.18334,0.25089,0.18069,0.15494,0.22617
10.79160,0.27970,1.01382,0.06463,0.02356,-0.19287,0.25198,0.18473,0.14600,0.22498
10.80353,0.27556,1.02137,0.06644,0.02495,-0.19768,0.25269,0.18909,0.13692,0.22322
10.81545,0.27253,1.02937,0.07020,0.03090,-0.20188,0.25214,0.19310,0.12808,0.22124
10.82737,0.26717,1.03718,0.07410,0.03735,-0.20313,0.25344,0.19746,0.12003,0.22001
10.83930,0.26422,1.04369,0.08013,0.04587,-0.20020,0.25274,0.19926,0.11306,0.21861
10.85122,0.26065,1.04881,0.08680,0.05571,-0.19570,0.25142,0.20185,0.10818,0.21831
10.86315,0.25821,1.05175,0.09402,0.06394,-0.19240,0.25114,0.20178,0.10515,0.21935
10.87507,0.25726,1.05112,0.10168,0.07576,-0.18556,0.25030,0.20107,0.10447,0.21994
10.88699,0.25719,1.05003,0.10802,0.08495,-0.18055,0.24861,0.19898,0.10651,0.22141
10.89892,0.25761,1.04842,0.11367,0.09432,-0.17416,0.24732,0.19546,0.11075,0.22201
10.91084,0.26091,1.04431,0.12054,0.10335,-0.17058,0.24451,0.19228,0.11663,0.22298
10.92277,0.26198,1.04109,0.12396,0.11193,-0.17308,0.24382,0.18909,0.12374,0.22211
10.93469,0.26584,1.03747,0.12739,0.12078,-0.17540,0.24258,0.18488,0.13149,0.21978
10.94661,0.26765,1.03278,0.13021,0.12991,-0.18173,0.24125,0.18176,0.13915,0.21684
10.95854,0.26985,1.03050,0.13137,0.13771,-0.18829,0.23855,0.17866,0.14638,0.21158
10.97046,0.27106,1.02748,0.13194,0.14616,-0.19482,0.23712,0.17672,0.15252,0.20588
10.98239,0.27101,1.02573,0.12985,0.15490,-0.20193,0.23543,0.17385,0.15841,0.19951
10.99431,0.27077,1.02430,0.12758,0.16162,-0.20753,0.23405,0.17108,0.16204,0.19243
11.00623,0.26953,1.02175,0.12695,0.16943,-0.21047,0.23262,0.16954,0.16459,0.18603
11.01816,0.26664,1.01766,0.12503,0.17152,-0.21209,0.23255,0.16808,0.16602,0.17944
11.03008,0.26337,1.01621,0.12253,0.17615,-0.20708,0.23252,0.16615,0.16573,0.17523
11.04200,0.25710,1.01128,0.12028,0.17562,-0.20144,0.23403,0.16346,0.16566,0.17087
11.05393,0.25272,1.00836,0.11979,0.17348,-0.19453,0.23605,0.16166,0.16430,0.16866
11.06585,0.24685,1.00270,0.11757,0.16941,-0.18300,0.23875,0.15984,0.16301,0.16689
11.07778,0.24082,0.99804,0.11860,0.16544,-0.17460,0.24294,0.15916,0.16243,0.16623
11.08970,0.23560,0.99358,0.12083,0.15945,-0.16483,0.24768,0.15825,0.16057,0.16604
11.10162,0.23109,0.99066,0.12238,0.15445,-0.15932,0.25105,0.15766,0.15960,0.16605
11.11355,0.22731,0.98925,0.12710,0.15076,-0.15465,0.25742,0.15857,0.15955,0.16560
11.12547,0.22540,0.98842,0.13217,0.14519,-0.15230,0.25911,0.16081,0.15936,0.16579
11.13740,0.22448,0.99110,0.13988,0.14007,-0.15316,0.26037,0.16404,0.15976,0.16634
11.14932,0.22602,0.99229,0.14886,0.13510,-0.15748,0.25959,0.16672,0.16073,0.16643
11.16124,0.22731,0.99605,0.15777,0.12946,-0.16206,0.25625,0.17037,0.16244,0.16722
11.17317,0.23181,0.99721,0.16808,0.12411,-0.16954,0.25062,0.17321,0.16593,0.16712
11.18509,0.23622,1.00137,0.17926,0.11771,-0.17735,0.24359,0.17631,0.17072,0.16839
11.19702,0.24083,1.00423,0.18863,0.11038,-0.18632,0.23565,0.17867,0.17649,0.16931
11.20894,0.24626,1.00731,0.19713,0.10113,-0.19448,0.22675,0.17895,0.18351,0.17014
11.22086,0.25321,1.01052,0.20264,0.09493,-0.20348,0.22003,0.17854,0.18956,0.17173
11.23279,0.25879,1.01641,0.20363,0.08792,-0.21020,0.21362,0.17773,0.19666,0.17176
11.24471,0.26197,1.02026,0.20428,0.08226,-0.21734,0.21100,0.17663,0.20262,0.17203
11.25663,0.26597,1.02593,0.19857,0.07408,-0.22200,0.20849,0.17416,0.20624,0.17219
11.26856,0.26933,1.03307,0.19409,0.06944,-0.22754,0.20782,0.17251,0.20853,0.17325
11.28048,0.26937,1.03931,0.18433,0.06625,-0.23063,0.20931,0.17172,0.20754,0.17453
11.29241,0.26999,1.04786,0.17840,0.06418,-0.23237,0.21134,0.17026,0.20536,0.17495
11.30433,0.26838,1.05541,0.17063,0.06259,-0.23553,0.21356,0.17018,0.19991,0.17675
11.31625,0.26518,1.06401,0.16260,0.06083,-0.23327,0.21400,0.17033,0.19412,0.17726
11.32818,0.26165,1.07223,0.15892,0.06194,-0.23291,0.21562,0.17098,0.18760,0.17866
11.34010,0.25933,1.07777,0.15648,0.05932,-0.23415,0.21442,0.17238,0.18078,0.18028
11.35203,0.25573,1.08327,0.15669,0.06144,-0.23556,0.21423,0.17335,0.17395,0.18123
11.36395,0.25174,1.08691,0.15871,0.06316,-0.23577,0.21278,0.17437,0.16888,0.18196
11.37587,0.25051,1.08941,0.16330,0.06425,-0.23832,0.21090,0.17478,0.16427,0.18222
11.38780,0.24773,1.09145,0.16846,0.06224,-0.24145,0.20952,0.17593,0.16170,0.18150
11.39972,0.24732,1.09036,0.17568,0.06469,-0.24432,0.20879,0.17674,0.15947,0.18005
11.41165,0.24505,1.09050,0.18214,0.06367,-0.24752,0.20807,0.17683,0.15945,0.17877
11.42357,0.24451,1.08845,0.18867,0.06264,-0.25280,0.20871,0.17738,0.15924,0.17604
11.43549,0.24249,1.08470,0.19413,0.06208,-0.26050,0.21011,0.17844,0.15935,0.17361
11.44742,0.24157,1.07905,0.20009,0.06288,-0.26539,0.21113,0.17988,0.16046,0.17047
11.45934,0.24186,1.07306,0.20385,0.06246,-0.27531,0.21382,0.18142,0.16247,0.16719
11.47127,0.24320,1.06734,0.20866,0.06486,-0.28163,0.21521,0.18321,0.16475,0.16450
11.48319,0.24427,1.06028,0.21122,0.06810,-0.29028,0.21747,0.18572,0.16696,0.16291
11.49511,0.24555,1.05584,0.21343,0.07049,-0.29840,0.21682,0.18659,0.17058,0.16086
11.50704,0.24843,1.05154,0.21403,0.07699,-0.30551,0.21569,0.18901,0.17268,0.15855
11.51896,0.25277,1.04933,0.21346,0.08318,-0.31318,0.21500,0.19106,0.17520,0.15773
11.53088,0.25582,1.04812,0.21250,0.08863,-0.31893,0.21278,0.19175,0.17724,0.15554
11.54281,0.25939,1.04785,0.20841,0.08937,-0.32302,0.20989,0.19241,0.17783,0.15333
11.55473,0.26434,1.04888,0.20702,0.09106,-0.32521,0.20668,0.19265,0.17836,0.15181
11.56666,0.26739,1.05162,0.20430,0.09092,-0.32600,0.20408,0.19263,0.17576,0.14947
11.57858,0.27097,1.05423,0.20367,0.08481,-0.32361,0.20284,0.19212,0.17399,0.14799
11.59050,0.27368,1.05855,0.19990,0.08047,-0.32131,0.20189,0.19242,0.17102,0.14743
11.60243,0.27607,1.06057,0.20116,0.06924,-0.31604,0.20221,0.19221,0.16810,0.14745
11.61435,0.27723,1.06241,0.20072,0.06009,-0.30979,0.20391,0.19191,0.16580,0.14873
11.62628,0.27890,1.06611,0.20388,0.05233,-0.30383,0.20654,0.19204,0.16371,0.15142
11.63820,0.28002,1.06776,0.20612,0.04305,-0.29666,0.21017,0.19097,0.16326,0.15516
11.65012,0.28164,1.06869,0.21125,0.03821,-0.28901,0.21395,0.19127,0.16483,0.15953
11.66205,0.28352,1.06993,0.21556,0.03623,-0.28167,0.21861,0.19215,0.16763,0.16436
11.67397,0.28435,1.07124,0.22202,0.03633,-0.27464,0.22256,0.19213,0.17131,0.16889
11.68590,0.28835,1.06983,0.22681,0.04017,-0.27004,0.22711,0.19250,0.17588,0.17371
11.69782,0.29094,1.07024,0.23334,0.04678,-0.26291,0.23111,0.19293,0.18089,0.17691
11.70974,0.29358,1.07037,0.23839,0.05592,-0.25934,0.23280,0.19263,0.18496,0.18028
11.72167,0.29729,1.06811,0.24381,0.06372,-0.25442,0.23287,0.19220,0.18713,0.18181
11.73359,0.29880,1.06672,0.24781,0.07208,-0.25285,0.23226,0.19170,0.18883,0.18392
11.74551,0.30080,1.06346,0.24969,0.08130,-0.25056,0.23067,0.19271,0.18865,0.18453
11.75744,0.30246,1.06417,0.25255,0.08510,-0.24897,0.22750,0.19172,0.18672,0.18536
11.76936,0.30382,1.06402,0.25417,0.08922,-0.24933,0.22390,0.19257,0.18359,0.18658
11.78129,0.30480,1.06476,0.25399,0.09359,-0.24852,0.22055,0.19470,0.17994,0.18827
11.79321,0.30535,1.06917,0.25495,0.09046,-0.24697,0.21575,0.19567,0.17500,0.18975
11.80513,0.30565,1.07528,0.25677,0.09374,-0.24668,0.21156,0.19863,0.16976,0.19195
11.81706,0.30667,1.08143,0.25835,0.09299,-0.24405,0.20707,0.20209,0.16531,0.19500
11.82898,0.30931,1.08888,0.26072,0.09230,-0.24207,0.20293,0.20540,0.16144,0.19816
11.84091,0.30990,1.09669,0.26586,0.09558,-0.24015,0.19900,0.20892,0.15801,0.20081
11.85283,0.31059,1.10549,0.26987,0.09366,-0.23988,0.19589,0.21272,0.15562,0.20430
11.86475,0.30783,1.11209,0.27560,0.09375,-0.23559,0.19329,0.21572,0.15383,0.20721
11.87668,0.30514,1.11944,0.28021,0.09363,-0.23296,0.19172,0.21797,0.15305,0.21002
11.88860,0.29956,1.11971,0.28443,0.09070,-0.23026,0.19156,0.21934,0.15179,0.21209
11.90053,0.29216,1.12196,0.28822,0.08766,-0.22519,0.19377,0.22094,0.15165,0.21511
11.91245,0.28390,1.12103,0.29199,0.08210,-0.21985,0.19539,0.22161,0.15155,0.21722
11.92437,0.27620,1.11827,0.29493,0.07536,-0.21566,0.20039,0.22129,0.15105,0.21874
11.93630,0.26863,1.11235,0.29499,0.06611,-0.20964,0.20691,0.22246,0.15191,0.21939
11.94822,0.26340,1.10626,0.29396,0.05873,-0.20541,0.21233,0.22343,0.15288,0.22046
11.96015,0.25846,1.09792,0.29000,0.05205,-0.20299,0.21953,0.22626,0.15344,0.21926
11.97207,0.25710,1.08869,0.28495,0.04823,-0.19867,0.22634,0.22831,0.15521,0.21745
11.98399,0.25519,1.08038,0.28013,0.04577,-0.19691,0.23443,0.23205,0.15793,0.21548
11.99592,0.25458,1.07113,0.27221,0.04847,-0.19580,0.23951,0.23573,0.16111,0.21095
12.00784,0.25434,1.06062,0.26283,0.05224,-0.19468,0.24432,0.23804,0.16308,0.20653
12.01976,0.25361,1.05382,0.25306,0.06419,-0.19571,0.25004,0.24087,0.16644,0.20097
12.03169,0.25225,1.04605,0.24491,0.07873,-0.19558,0.25254,0.24239,0.16883,0.19497
12.04361,0.24920,1.03993,0.23566,0.09251,-0.19537,0.25641,0.24369,0.17079,0.18814
12.05554,0.24492,1.03653,0.22801,0.10899,-0.19638,0.25856,0.24244,0.17247,0.18280
12.06746,0.23969,1.03302,0.22027,0.12438,-0.19544,0.26076,0.24111,0.17235,0.17833
12.07938,0.23295,1.03099,0.21498,0.13848,-0.19278,0.26410,0.23797,0.17230,0.17530
12.09131,0.22480,1.02851,0.21160,0.15016,-0.19132,0.26707,0.23359,0.17107,0.17277
12.10323,0.21894,1.02710,0.20985,0.15916,-0.18951,0.26969,0.22796,0.16880,0.17219
12.11516,0.21203,1.02458,0.20858,0.16164,-0.18849,0.27267,0.22093,0.16597,0.17283
12.12708,0.20784,1.02156,0.20837,0.15912,-0.18620,0.27654,0.21473,0.16313,0.17338
12.13900,0.20445,1.01893,0.21065,0.15606,-0.18749,0.28053,0.20783,0.15942,0.17537
12.15093,0.20378,1.01705,0.21222,0.14661,-0.19062,0.28420,0.20098,0.15626,0.17837
12.16285,0.20374,1.01298,0.21593,0.13286,-0.19466,0.28871,0.19509,0.15276,0.18119
12.17478,0.20564,1.01461,0.21885,0.12136,-0.19955,0.29374,0.19084,0.15072,0.18451
12.18670,0.20946,1.01173,0.22267,0.10832,-0.20199,0.29807,0.18738,0.14863,0.18779
12.19862,0.21389,1.01187,0.22834,0.09170,-0.21032,0.30222,0.18428,0.14717,0.19094
12.21055,0.21786,1.00962,0.23156,0.07933,-0.21490,0.30662,0.18272,0.14640,0.19516
12.22247,0.22250,1.00944,0.23591,0.07270,-0.21787,0.30893,0.18223,0.14688,0.19822
12.23439,0.22732,1.00806,0.24109,0.06511,-0.21952,0.31078,0.18139,0.14700,0.19974
12.24632,0.23079,1.00620,0.24539,0.06486,-0.22337,0.31056,0.18217,0.14777,0.20068
12.25824,0.23418,1.00425,0.25098,0.06935,-0.22141,0.30859,0.18252,0.14897,0.20057
12.27017,0.23655,0.99904,0.25374,0.07423,-0.22040,0.30562,0.18302,0.14947,0.19855
12.28209,0.23705,0.99485,0.25654,0.08640,-0.21517,0.30216,0.18293,0.15022,0.19376
12.29401,0.23792,0.98894,0.25841,0.10050,-0.21187,0.29871,0.18479,0.15024,0.18825
12.30594,0.23719,0.98171,0.25691,0.11257,-0.20744,0.29474,0.18604,0.15128,0.18205
12.31786,0.23752,0.97458,0.25205,0.12362,-0.20317,0.29094,0.18686,0.15176,0.17447
12.32979,0.23762,0.96614,0.24797,0.13447,-0.20339,0.28656,0.18792,0.15149,0.16760
12.34171,0.23873,0.95698,0.24058,0.14001,-0.19766,0.28412,0.18895,0.15210,0.16139
12.35363,0.23865,0.94815,0.23154,0.14059,-0.19611,0.27976,0.19078,0.15186,0.15638
12.36556,0.24090,0.94129,0.21986,0.13804,-0.19738,0.27633,0.19215,0.15200,0.15184
12.37748,0.24505,0.93335,0.20927,0.13131,-0.19713,0.27252,0.19409,0.15208,0.14937
12.38941,0.24930,0.92561,0.20107,0.12549,-0.20014,0.26785,0.19728,0.15105,0.14917
12.40133,0.25331,0.91693,0.19073,0.11344,-0.19960,0.26369,0.19891,0.14964,0.14964
12.41325,0.25874,0.90928,0.18342,0.10276,-0.19811,0.25798,0.20216,0.14792,0.15091
12.42518,0.26344,0.90144,0.17675,0.09514,-0.19889,0.25371,0.20620,0.14565,0.15348
12.43710,0.26929,0.89302,0.17343,0.08636,-0.19601,0.24984,0.20942,0.14261,0.15557
12.44902,0.27228,0.88386,0.17289,0.08152,-0.19218,0.24741,0.21245,0.13906,0.15673
12.46095,0.27462,0.87865,0.17348,0.07919,-0.18920,0.24471,0.21371,0.13647,0.15690
12.47287,0.27559,0.87088,0.17838,0.07827,-0.18487,0.24446,0.21373,0.13342,0.15593
12.48480,0.27694,0.86573,0.18382,0.07684,-0.18111,0.24601,0.21309,0.13121,0.15443
12.49672,0.27627,0.86129,0.19154,0.07936,-0.17463,0.25058,0.21056,0.12884,0.15215
12.50864,0.27562,0.85671,0.19777,0.08237,-0.16882,0.25599,0.20574,0.12692,0.14910
12.52057,0.27383,0.85357,0.20541,0.08670,-0.16478,0.26265,0.20005,0.12558,0.14664
12.53249,0.27330,0.85330,0.21115,0.09117,-0.15903,0.27006,0.19320,0.12328,0.14368
12.54442,0.27108,0.85396,0.21701,0.09691,-0.15322,0.27648,0.18638,0.12229,0.14150
12.55634,0.26959,0.85760,0.21982,0.10356,-0.14997,0.28286,0.18037,0.12092,0.14083
12.56826,0.26822,0.86265,0.22372,0.10674,-0.14646,0.28827,0.17359,0.11909,0.14012
12.58019,0.26768,0.86710,0.22445,0.11513,-0.14365,0.29313,0.16862,0.11779,0.13962
12.59211,0.26571,0.87567,0.22361,0.12081,-0.14365,0.29602,0.16487,0.11544,0.13970
12.60404,0.26502,0.88500,0.22237,0.12504,-0.14518,0.29992,0.16197,0.11446,0.14005
12.61596,0.26278,0.89490,0.22104,0.12716,-0.14705,0.30139,0.16108,0.11339,0.14038
12.62788,0.26220,0.90477,0.22056,0.12818,-0.15020,0.30316,0.16182,0.11192,0.13959
12.63981,0.25975,0.91566,0.22125,0.12571,-0.15527,0.30363,0.16332,0.11145,0.13955
12.65173,0.25908,0.92598,0.22073,0.12309,-0.15979,0.30334,0.16535,0.11095,0.13830
12.66366,0.25837,0.93462,0.22381,0.11813,-0.15961,0.30082,0.16889,0.11024,0.13715
12.67558,0.25902,0.94223,0.22741,0.10951,-0.16194,0.29740,0.17307,0.11049,0.13613
12.68750,0.25917,0.94800,0.22914,0.09971,-0.16269,0.29077,0.17623,0.11069,0.13495
12.69943,0.25933,0.95270,0.23220,0.09277,-0.16084,0.28392,0.17966,0.11087,0.13456
12.71135,0.26030,0.95656,0.23803,0.08542,-0.16087,0.27618,0.18347,0.11167,0.13529
12.72327,0.26057,0.95878,0.24146,0.07837,-0.15816,0.26722,0.18689,0.11169,0.13654
12.73520,0.26226,0.96083,0.24444,0.07582,-0.15777,0.25941,0.19029,0.11258,0.13841
12.74712,0.26141,0.96040,0.24508,0.07355,-0.16424,0.25085,0.19422,0.11478,0.14080
12.75905,0.26121,0.96180,0.24736,0.07132,-0.16746,0.24460,0.19651,0.11585,0.14303
12.77097,0.26297,0.96012,0.24751,0.07227,-0.17324,0.24034,0.19950,0.11900,0.14623
12.78289,0.26107,0.95841,0.24757,0.07322,-0.18190,0.23852,0.20259,0.12109,0.14938
12.79482,0.26081,0.95537,0.24770,0.07455,-0.18999,0.23826,0.20539,0.12427,0.15339
12.80674,0.25961,0.95076,0.24503,0.07431,-0.19836,0.23774,0.20643,0.12638,0.15707
12.81867,0.25727,0.94693,0.24466,0.07576,-0.20784,0.23835,0.20852,0.12734,0.16226
12.83059,0.25642,0.94374,0.24502,0.07691,-0.21073,0.24145,0.21050,0.12833,0.16812
12.84251,0.25577,0.94095,0.24292,0.07880,-0.21529,0.24186,0.21128,0.12907,0.17561
12.85444,0.25496,0.93840,0.24231,0.07939,-0.21467,0.24361,0.21043,0.12876,0.18187
12.86636,0.25604,0.93585,0.24293,0.07650,-0.21215,0.24482,0.20939,0.12746,0.19091
12.87829,0.25601,0.93705,0.24495,0.07935,-0.20568,0.24494,0.20677,0.12593,0.19845
12.89021,0.25790,0.94051,0.24708,0.08112,-0.19613,0.24489,0.20341,0.12286,0.20695
12.90213,0.25810,0.94313,0.24915,0.08016,-0.18474,0.24519,0.19971,0.11880,0.21303
12.91406,0.25865,0.94818,0.25327,0.07972,-0.17126,0.24504,0.19466,0.11458,0.21736
12.92598,0.25857,0.95392,0.25969,0.08091,-0.15790,0.24398,0.18800,0.10936,0.22065
12.93790,0.25795,0.96070,0.26325,0.07972,-0.14426,0.24499,0.18229,0.10329,0.21962
12.94983,0.25651,0.96726,0.26794,0.07956,-0.13181,0.24555,0.17592,0.09870,0.21725
12.96175,0.25307,0.96994,0.27178,0.08056,-0.12116,0.24799,0.17143,0.09353,0.21169
12.97368,0.24930,0.97562,0.27186,0.07989,-0.11260,0.25151,0.16764,0.09063,0.20532
12.98560,0.24433,0.97947,0.27394,0.07994,-0.10901,0.25592,0.16442,0.08906,0.19785
12.99752,0.23850,0.98165,0.27131,0.08188,-0.11048,0.26169,0.16192,0.08776,0.18971
13.00945,0.23473,0.98495,0.26922,0.08782,-0.11404,0.26883,0.16235,0.08827,0.18185
13.02137,0.22972,0.98596,0.26540,0.09466,-0.12214,0.27674,0.16416,0.09045,0.17593
13.03330,0.22660,0.98711,0.26138,0.10258,-0.13425,0.28555,0.16690,0.09307,0.17052
13.04522,0.22525,0.98644,0.25781,0.11386,-0.14815,0.29360,0.17163,0.09657,0.16473
13.05714,0.22361,0.98349,0.25525,0.12430,-0.16258,0.30142,0.17533,0.10098,0.16186
13.06907,0.22556,0.97941,0.25263,0.13617,-0.17725,0.30642,0.18008,0.10516,0.15926
13.08099,0.22746,0.97523,0.24930,0.14974,-0.19292,0.31145,0.18645,0.11029,0.15746
13.09292,0.22993,0.97015,0.24737,0.15951,-0.20596,0.31311,0.19156,0.11422,0.15651
13.10484,0.23337,0.96221,0.24743,0.16810,-0.21530,0.31348,0.19653,0.11921,0.15562
13.11676,0.23643,0.95242,0.24653,0.17317,-0.22509,0.31484,0.20030,0.12372,0.15484
13.12869,0.23835,0.94476,0.24601,0.17784,-0.23038,0.31224,0.20228,0.12917,0.15575
13.14061,0.23925,0.93811,0.24375,0.17722,-0.23335,0.31179,0.20458,0.13409,0.15494
13.15254,0.23830,0.93138,0.24321,0.17507,-0.23298,0.30957,0.20397,0.13962,0.15523
13.16446,0.23520,0.92512,0.24285,0.17214,-0.23062,0.30827,0.20373,0.14348,0.15564
13.17638,0.23193,0.92143,0.24417,0.16272,-0.22294,0.30739,0.20268,0.14760,0.15512
13.18831,0.22673,0.91827,0.24678,0.15391,-0.21618,0.30535,0.19995,0.15109,0.15535
13.20023,0.22116,0.91953,0.25011,0.14506,-0.20710,0.30443,0.19763,0.15396,0.15447
13.21215,0.21686,0.92094,0.25660,0.13265,-0.20006,0.30174,0.19314,0.15564,0.15197
13.22408,0.21382,0.92482,0.26233,0.12168,-0.19079,0.29802,0.18890,0.15580,0.15026
13.23600,0.21363,0.92901,0.26999,0.11107,-0.18701,0.29274,0.18464,0.15577,0.14735
13.24793,0.21389,0.93321,0.27708,0.10138,-0.18518,0.28604,0.17984,0.15507,0.14543
13.25985,0.21766,0.93770,0.28370,0.08744,-0.18527,0.27978,0.17502,0.15372,0.14258
13.27177,0.22056,0.94327,0.28784,0.07529,-0.18617,0.27466,0.17141,0.15097,0.14042
13.28370,0.22590,0.94988,0.29337,0.06600,-0.19042,0.26883,0.16875,0.14865,0.13930
13.29562,0.22942,0.95835,0.29416,0.05721,-0.19686,0.26334,0.16738,0.14669,0.13874
13.30755,0.23152,0.96601,0.29444,0.04820,-0.20358,0.26187,0.16799,0.14516,0.13891
13.31947,0.23217,0.97224,0.29302,0.04144,-0.20943,0.26115,0.16978,0.14382,0.13955
13.33139,0.23097,0.97876,0.29079,0.03882,-0.21483,0.26281,0.17346,0.14224,0.14089
13.34332,0.22648,0.98799,0.28783,0.03820,-0.21776,0.26572,0.17808,0.14105,0.14281
13.35524,0.22098,0.99653,0.28702,0.03863,-0.21879,0.27063,0.18448,0.14012,0.14504
13.36717,0.21298,1.00291,0.28707,0.04119,-0.22223,0.27670,0.19141,0.13974,0.14773
13.37909,0.20489,1.01125,0.28461,0.04564,-0.21887,0.28203,0.19890,0.13883,0.14924
13.39101,0.19782,1.01506,0.28488,0.05018,-0.21852,0.28827,0.20650,0.13903,0.15167
13.40294,0.19252,1.02123,0.28536,0.05697,-0.21862,0.29385,0.21250,0.13849,0.15337
13.41486,0.18981,1.02530,0.28407,0.06477,-0.21556,0.29966,0.21670,0.13824,0.15533
13.42678,0.19034,1.02907,0.28265,0.07151,-0.21588,0.30412,0.22062,0.13876,0.15641
13.43871,0.19376,1.02969,0.28155,0.08133,-0.21434,0.30711,0.22161,0.13903,0.15737
13.45063,0.19890,1.03015,0.27853,0.09038,-0.21207,0.30745,0.22146,0.14113,0.15845
13.46256,0.20679,1.03172,0.27449,0.10343,-0.20874,0.30777,0.21835,0.14179,0.15981
13.47448,0.21621,1.03170,0.27199,0.11412,-0.20523,0.30619,0.21341,0.14380,0.16018
13.48640,0.22571,1.02888,0.26953,0.12419,-0.20171,0.30269,0.20670,0.14512,0.16096
13.49833,0.23435,1.02773,0.26620,0.13605,-0.19444,0.29768,0.19975,0.14622,0.16146
13.51025,0.24258,1.02195,0.26400,0.14325,-0.18761,0.29127,0.19257,0.14712,0.16206
13.52218,0.24724,1.01509,0.26364,0.15058,-0.17847,0.28469,0.18443,0.14684,0.16375
13.53410,0.25115,1.00546,0.26466,0.15051,-0.17225,0.27806,0.17770,0.14663,0.16381
13.54602,0.25131,0.99609,0.26422,0.14759,-0.16604,0.27346,0.17068,0.14459,0.16510
13.55795,0.24968,0.98310,0.26588,0.14014,-0.15963,0.27029,0.16357,0.14091,0.16605
13.56987,0.24577,0.96945,0.26748,0.12639,-0.15346,0.26885,0.15775,0.13663,0.16845
13.58180,0.24120,0.95582,0.26777,0.10834,-0.15008,0.26991,0.15115,0.13125,0.17030
13.59372,0.23551,0.94219,0.27219,0.08646,-0.14923,0.27041,0.14598,0.12585,0.17401
13.60564,0.23207,0.93197,0.27374,0.06267,-0.14761,0.27336,0.13891,0.11958,0.17751
13.61757,0.22583,0.92220,0.27548,0.03788,-0.15059,0.27557,0.13224,0.11378,0.18031
13.62949,0.22187,0.91433,0.27886,0.01432,-0.15223,0.27874,0.12625,0.10851,0.18225
13.64142,0.21909,0.90867,0.28078,-0.00560,-0.15822,0.27928,0.12196,0.10398,0.18447
13.65334,0.21608,0.90352,0.28200,-0.01842,-0.16112,0.27712,0.11732,0.10134,0.18496
13.66526,0.21450,0.89969,0.28306,-0.02729,-0.16679,0.27355,0.11527,0.09886,0.18437
13.67719,0.21351,0.89796,0.28315,-0.02996,-0.17212,0.26772,0.11382,0.09843,0.18239
13.68911,0.21186,0.89573,0.28045,-0.02511,-0.17833,0.25825,0.11456,0.09794,0.17837
13.70103,0.21198,0.89513,0.27858,-0.01911,-0.18442,0.24859,0.11656,0.09916,0.17346
13.71296,0.21101,0.89572,0.27430,-0.00566,-0.18895,0.23710,0.11914,0.10045,0.16723
13.72488,0.20995,0.89520,0.26908,0.00872,-0.19158,0.22414,0.12298,0.10160,0.16139
13.73681,0.20908,0.89461,0.26145,0.02220,-0.19167,0.21129,0.12727,0.10232,0.15545
13.74873,0.20704,0.89519,0.25595,0.03903,-0.19452,0.19973,0.13192,0.10302,0.15095
13.76065,0.20554,0.89634,0.25210,0.05343,-0.19855,0.18767,0.13679,0.10226,0.14838
13.77258,0.20429,0.89603,0.24513,0.06053,-0.19843,0.17839,0.14144,0.10080,0.14702
13.78450,0.20282,0.89642,0.24210,0.06437,-0.20083,0.17228,0.14549,0.09811,0.14824
13.79643,0.20442,0.89483,0.23745,0.06570,-0.20625,0.16865,0.15051,0.09501,0.15118
13.80835,0.20583,0.89439,0.23672,0.05948,-0.21211,0.16830,0.15529,0.09240,0.15571
13.82027,0.20867,0.88894,0.23379,0.05337,-0.22106,0.16988,0.16053,0.08960,0.16053
13.83220,0.21295,0.88493,0.23505,0.04521,-0.23081,0.17407,0.16459,0.08675,0.16690
13.84412,0.21797,0.87866,0.23588,0.03153,-0.24168,0.18154,0.16975,0.08541,0.17249
13.85605,0.22413,0.87210,0.23809,0.02230,-0.25390,0.18984,0.17509,0.08602,0.17763
13.86797,0.23069,0.86651,0.23741,0.01427,-0.26590,0.19972,0.18013,0.08690,0.18131
13.87989,0.23857,0.86038,0.23694,0.00570,-0.27337,0.21047,0.18397,0.08987,0.18381
13.89182,0.24489,0.85591,0.23608,0.00001,-0.28200,0.22180,0.18705,0.09353,0.18555
13.90374,0.25131,0.85204,0.23174,-0.00385,-0.29029,0.23231,0.19077,0.09834,0.18597
13.91566,0.25495,0.85065,0.22719,-0.00567,-0.29211,0.24272,0.19206,0.10273,0.18572
13.92759,0.25842,0.84771,0.22105,-0.00779,-0.29339,0.25137,0.19273,0.10743,0.18525
13.93951,0.25761,0.84768,0.21349,-0.00768,-0.29349,0.25817,0.19410,0.11175,0.18430
13.95144,0.25686,0.84772,0.20659,-0.00485,-0.28771,0.26302,0.19484,0.11627,0.18361
13.96336,0.25391,0.84696,0.19825,-0.00308,-0.28465,0.26375,0.19385,0.11991,0.18316
13.97528,0.25193,0.84697,0.19003,0.00040,-0.27891,0.26265,0.19452,0.12386,0.18280
13.98721,0.24787,0.84899,0.18429,0.00652,-0.27620,0.25872,0.19435,0.12727,0.18217
13.99913,0.24453,0.84880,0.17689,0.00988,-0.27204,0.25391,0.19485,0.13142,0.18303
14.01106,0.24302,0.85003,0.17317,0.02000,-0.27172,0.24698,0.19495,0.13532,0.18302
14.02298,0.24051,0.85041,0.17057,0.02609,-0.27359,0.23983,0.19580,0.13955,0.18204
14.03490,0.23969,0.85027,0.16609,0.03398,-0.27885,0.23414,0.19417,0.14244,0.18149
14.04683,0.24195,0.85050,0.16593,0.03776,-0.28589,0.22790,0.19425,0.14607,0.18087
14.05875,0.24348,0.84981,0.16151,0.04348,-0.29540,0.22547,0.19506,0.14863,0.18057
14.07068,0.24720,0.84696,0.16009,0.04856,-0.30664,0.22318,0.19466,0.14950,0.17914
14.08260,0.24913,0.84527,0.16050,0.05234,-0.31928,0.22352,0.19408,0.15049,0.17841
14.09452,0.25230,0.84000,0.15949,0.05487,-0.32998,0.22398,0.19502,0.14973,0.17827
14.10645,0.25544,0.83527,0.15789,0.05648,-0.34262,0.22616,0.19657,0.14939,0.17779
14.11837,0.25663,0.83131,0.15780,0.05923,-0.35371,0.22854,0.19683,0.14744,0.17737
14.13029,0.25903,0.82522,0.15650,0.06005,-0.36171,0.23200,0.19805,0.14596,0.17660
14.14222,0.25913,0.81818,0.15834,0.06092,-0.36942,0.23348,0.19878,0.14405,0.17695
14.15414,0.25933,0.81416,0.16037,0.06243,-0.37092,0.23652,0.19951,0.14229,0.17573
14.16607,0.25702,0.80951,0.16410,0.05855,-0.37237,0.23832,0.20063,0.14080,0.17470
14.17799,0.25393,0.80368,0.16526,0.06047,-0.37284,0.24088,0.19942,0.14041,0.17444
14.18991,0.25161,0.79978,0.16973,0.06328,-0.37031,0.24198,0.19847,0.14050,0.17297
14.20184,0.24626,0.79674,0.17370,0.06551,-0.36330,0.24514,0.19637,0.14292,0.17257
14.21376,0.23850,0.79402,0.17757,0.06883,-0.35992,0.24773,0.19438,0.14589,0.17133
14.22569,0.23208,0.79121,0.18097,0.07457,-0.35287,0.25207,0.19353,0.14922,0.17061
14.23761,0.22537,0.78845,0.18484,0.08077,-0.34658,0.25574,0.19175,0.15415,0.16974
14.24953,0.21940,0.78463,0.18746,0.09012,-0.34126,0.26150,0.19043,0.15934,0.16959
14.26146,0.21430,0.78235,0.18948,0.09736,-0.33240,0.26622,0.19055,0.16505,0.16875
14.27338,0.21045,0.77988,0.19167,0.10939,-0.32933,0.27275,0.19247,0.16970,0.16910
14.28531,0.20757,0.77656,0.19379,0.12043,-0.32434,0.27905,0.19492,0.17389,0.16921
14.29723,0.20670,0.77336,0.19488,0.13679,-0.32139,0.28584,0.19804,0.17811,0.16914
14.30915,0.20708,0.77318,0.19607,0.15073,-0.31958,0.29278,0.20160,0.18111,0.16994
14.32108,0.20933,0.77245,0.19730,0.16355,-0.31883,0.29972,0.20490,0.18438,0.17114
14.33300,0.21151,0.77259,0.19926,0.17819,-0.31956,0.30664,0.20770,0.18639,0.17271
14.34493,0.21493,0.77359,0.20011,0.19337,-0.32123,0.31201,0.21195,0.18872,0.17419
14.35685,0.21806,0.77479,0.20031,0.20238,-0.32083,0.31604,0.21345,0.19018,0.17516
14.36877,0.22049,0.77492,0.20231,0.20864,-0.32056,0.31936,0.21566,0.19085,0.17611
14.38070,0.22138,0.77638,0.20170,0.21144,-0.32337,0.32072,0.21608,0.19195,0.17651
